"ew_start","ew","sum_of_cases","cases_est_id","cases_est_id_min","cases_est_id_max","mintemp_mean","meantemp_mean","maxtemp_mean","minumid_mean","meanumid_mean","maxumid_mean","pop","inc_level","receptive","transmission"
2017-12-31,201801,60,60,60,60,22.8571428571429,23.5285714285714,24.4285714285714,87.12874,91.5513048571429,95.02152,3351543,0.105683561273121,0.0132392751637082,0.091415804601045
2018-01-07,201802,79,79,79,79,22.7142857142857,23.6285714285714,24.5714285714286,86.321508,89.5760348571429,94.1118685714286,3351543,0.083801998064772,0.0507273813882143,0.0695342413926958
2018-01-14,201803,46,46,46,46,23.5714285714286,24.6714285714286,26,73.5133634285714,84.9377671428571,92.5623528571429,3351543,0.083801998064772,0.0470010380293495,0
2018-01-21,201804,48,48,48,48,22.8571428571429,23.5714285714286,24.4285714285714,85.8982785714286,90.6047928571429,94.9539628571429,3351543,0.083801998064772,0.0470010380293495,0
2018-01-28,201805,31,31,31,31,23.2857142857143,24.0142857142857,25.1428571428571,84.9392237142857,89.8241185714286,93.3374685714286,3351543,0.0695342413926958,0,0
2018-02-04,201806,58,58,58,58,23.5714285714286,24.445238,26.1428571428571,80.2360741428571,89.4307664285714,94.1910171428571,3351543,0.0695342413926958,0,0.0695342413926958
2018-02-11,201807,46,46,46,46,23,23.9857142857143,25,83.6074,90.4336751428571,94.9659957142857,3351543,0.083801998064772,0,0
2018-02-18,201808,40,40,40,40,23.1428571428571,24.2256488571429,25.5714285714286,85.3836714285714,90.73109,95.8203928571429,3351543,0.0695342413926958,0,0
2018-02-25,201809,45,45,45,45,22.8571428571429,25.2207794285714,28.8571428571429,66.9185342857143,83.9362265714286,94.1301557142857,3351543,0.083801998064772,0,0
2018-03-04,201810,50,50,50,50,23.4285714285714,24.2987011428571,25.5714285714286,85.7181325714286,91.2558502857143,94.9906014285714,3351543,0.083801998064772,0.0190497332124338,0
2018-03-11,201811,47,47,47,47,23.1428571428571,24.2207794285714,25.4285714285714,84.9658628571429,89.0855537142857,93.3812785714286,3351543,0.083801998064772,0.017094812747442,0
2018-03-18,201812,52,52,52,52,23,23.8831171428571,25.4285714285714,84.2555445714286,89.8534037142857,93.34365,3351543,0.0980697547368481,0.00532530837288974,0
2018-03-25,201813,30,30,30,30,22.8571428571429,23.7792205714286,25,85.0420868571429,91.7668344285714,95.0443842857143,3351543,0.0695342413926958,0.020615579152647,0
2018-04-01,201814,62,62,62,62,22.8571428571429,23.8051951428571,24.8571428571429,88.6688557142857,92.963405,96.6623542857143,3351543,0.083801998064772,0.0132392751637082,0
2018-04-04,201815,61,61,61,61,22.7142857142857,23.4545454285714,24.2857142857143,88.62902,93.0015217142857,95.81434,3351543,0.0695342413926958,0.0316776481757805,0
2018-04-15,201816,73,73,73,73,22.4285714285714,23.487554,25.1428571428571,81.8230057142857,91.1355951428571,96.6257114285714,3351543,0.0920295517616811,0.0127016123618286,0.0224953103689853
2018-04-22,201817,53,53,53,53,22.1428571428571,25.0119048571429,28.5714285714286,66.7553781428571,84.4275512857143,96.6193914285714,3351543,0.0695342413926958,0,0
2018-04-29,201818,62,62,62,62,22.5714285714286,24.9880951428571,28.4285714285714,70.3892834285714,86.262552,97.4922742857143,3351543,0.0695342413926958,0.0132392751637082,0
2018-05-06,201819,84,84,84,84,21.8571428571429,24.845238,28.7142857142857,63.7901,83.6439757142857,96.6379457142857,3351543,0.0920295517616811,0.00737630398893883,0
2018-05-13,201820,115,115,115,115,22,25.160714,29,64.8980334285714,82.9099544285714,95.8203285714286,3351543,0.106297308433757,0.0132392751637082,0.083801998064772
2018-05-20,201821,98,98,98,98,21.7142857142857,23.4399351428571,25.8571428571429,76.1702854285714,89.834084,96.6318285714286,3351543,0.083801998064772,0.0132392751637082,0
2018-05-27,201822,85,85,85,85,20.8571428571429,22,23.1428571428571,87.7100242857143,92.7261534285714,97.4738542857143,3351543,0.0891640059518854,0,0.0196297645591896
2018-06-03,201823,96,96,96,96,21.4285714285714,22.6493505714286,24.4285714285714,85.7113371428571,93.1213744285714,98.3096285714286,3351543,0.0891640059518854,0.0184383730120724,0.0196297645591896
2018-06-10,201824,120,120,120,120,21,21.9870125714286,23.2857142857143,86.2582442857143,92.2763007142857,95.7713142857143,3351543,0.0891640059518854,0.0316776481757805,0.0196297645591896
2018-06-17,201825,72,72,72,72,19.7142857142857,21.025974,22.5714285714286,90.0789885714286,93.4688027142857,96.59431,3351543,0.0891640059518854,0.0132392751637082,0
2018-06-24,201826,57,57,57,57,20,21.0649348571429,22.2857142857143,85.5650251428571,91.4152548571429,95.0689414285714,3351543,0.0891640059518854,0.0132392751637082,0
2018-07-01,201827,68,68,68,68,20.5714285714286,21.5974025714286,22.7142857142857,86.9869265714286,93.3778091428571,99.1517885714286,3351543,0.0695342413926958,0.0487724609232225,0
2018-07-08,201828,42,42,42,42,19.7142857142857,21.0930737142857,22.8571428571429,83.255413,91.722827,96.6009028571429,3351543,0.0695342413926958,0.0303340879111502,0
2018-07-15,201829,71,71,71,71,18.8571428571429,21.8571428571429,25.5714285714286,61.8337337142857,83.7023614285714,95.7401185714286,3351543,0.0866290541401378,0.0230956308780762,0
2018-07-22,201830,66,66,66,66,20.2857142857143,23.095238,27,61.7415514285714,82.351063,95.74644,3351543,0.0891640059518854,0.017094812747442,0
2018-07-29,201831,70,70,70,70,19,22.4107142857143,26.5714285714286,65.2245277142857,85.3020048571429,98.2784314285714,3351543,0.0695342413926958,0.0303340879111502,0
2018-08-05,201832,62,62,62,62,19.5714285714286,23.3035717142857,27.7142857142857,61.6798954285714,82.0661942857143,98.2973257142857,3351543,0.0891640059518854,0.0605837371025823,0
2018-08-12,201833,70,70,70,70,19.7142857142857,21.6711038571429,24.7142857142857,79.3966848571429,91.2087592857143,97.4553,3351543,0.0695342413926958,0.0487724609232225,0
2018-08-19,201834,70,70,70,70,20.5714285714286,21.87013,23.1428571428571,81.3582858571429,89.0070387142857,94.9552142857143,3351543,0.0990197649261848,0.0192400932943423,0.0098557589742993
2018-08-26,201835,46,46,46,46,20,21.3826837142857,22.7142857142857,80.375305,87.9390864285714,92.4572414285714,3351543,0.0695342413926958,0.0132392751637082,0
2018-09-02,201836,41,41,41,41,20.5714285714286,21.5227271428571,23.1428571428571,78.022688,86.3929478571429,91.2706714285714,3351543,0.0726486278111306,0,0.00155719320921737
2018-09-09,201837,50,50,50,50,19.7142857142857,20.9036794285714,22.5714285714286,81.7616137142857,89.5130771428571,94.0816514285714,3351543,0.0793900003669951,0,0
2018-09-16,201838,45,45,45,45,21.4285714285714,22.4058442857143,23.8571428571429,83.859459,89.9006007142857,93.2900642857143,3351543,0.0695342413926958,0.020615579152647,0
2018-09-23,201839,42,42,42,42,20.8571428571429,21.853896,23.8571428571429,85.5698005714286,91.8850601428571,94.9415228571429,3351543,0.0695342413926958,0.020615579152647,0
2018-09-30,201840,33,33,33,33,20.8571428571429,23.0416662857143,26.1428571428571,72.5611495714286,86.2244478571428,94.0744871428571,3351543,0.0695342413926958,0,0
2018-10-07,201841,45,45,45,45,20.7142857142857,24.6190477142857,29.2857142857143,52.3156785714286,77.3731171428571,93.2756157142857,3351543,0.0695342413926958,0.0317513455742624,0
2018-10-14,201842,46,46,46,46,22.1428571428571,24.9363552857143,29.5714285714286,59.1322617142857,81.2637314285714,94.1372585714286,3351543,0.0695342413926958,0,0
2018-10-21,201843,40,40,40,40,21.5714285714286,22.74026,25,84.1110851428571,89.7240898571429,94.0932471428572,3351543,0.0695342413926958,0.00733572566426867,0
2018-10-28,201844,38,38,38,38,22.2857142857143,23.3560602857143,25.5714285714286,79.4956405714286,87.8773028571429,92.5154371428571,3351543,0.0695342413926958,0.0190497332124338,0
2018-11-04,201845,47,47,47,47,22,22.9402597142857,24,86.2983942857143,90.905735,94.0995657142857,3351543,0.0793900003669951,0.0190497332124338,0.0098557589742993
2018-11-11,201846,47,47,47,47,22.1428571428571,22.9441557142857,24,86.2868171428571,90.655797,93.30681,3351543,0.0695342413926958,0.0507273813882143,0
2018-11-18,201847,44,44,44,44,23.1428571428571,24.0324674285714,25.1428571428571,78.6604185714286,86.0080544285714,93.3745,3351543,0.091415804601045,0.032289008376142,0.0218815632083491
2018-11-25,201848,39,39,39,39,23,23.6753245714286,24.5714285714286,85.6466294285714,90.8708662857143,94.1241714285714,3351543,0.0695342413926958,0.0185645835365979,0
2018-12-02,201849,39,39,39,39,23.2857142857143,24.4285714285714,26,81.8658914285714,89.3827492857143,94.9905371428571,3351543,0.117555406569452,0,0
2018-12-09,201850,56,56,56,56,22.7142857142857,25.8035711428571,29.1428571428571,53.7905681428571,75.6361685714286,91.7621171428572,3351543,0.0891640059518854,0,0.0196297645591896
2018-12-16,201851,56,56,56,56,21.7142857142857,25.3571428571429,29.4285714285714,54.4762214285714,75.7295621428571,93.2831985714286,3351543,0.0891640059518854,0,0.0196297645591896
2018-12-23,201852,47,47,47,47,22.1428571428571,24.1321431428571,27,66.4337434285714,82.3326462857143,93.2881185714286,3351543,0.0695342413926958,0,0
2018-12-30,201901,50,50,50,50,23,23.7285714285714,24.7142857142857,82.7272685714286,87.7628478571429,90.9949842857143,3351543,0.0772002626849782,0.00737630398893883,0.00766602129228239
2019-01-06,201902,73,73,73,73,22.7142857142857,23.4714285714286,24.7142857142857,82.2661778571429,88.4226554285714,91.7226285714286,3351543,0.076044078801913,0.0224926250386762,0.0695342413926958
2019-01-13,201903,116,116,116,116,23.2857142857143,25.1261908571429,27.8571428571429,68.4408878571429,83.6258685714286,93.3618728571429,3351543,0.0971767332240702,0.0171673166657865,0.0775469686648806
2019-01-20,201904,121,121,121,121,22.4285714285714,25.7023808571429,29.5714285714286,58.1392027142857,78.8382522857143,94.1241028571429,3351543,0.105189460496255,0.0190497332124338,0.0276424918313744
2019-01-27,201905,117,117,117,117,22.7142857142857,25.8749997142857,29.5714285714286,55.9204882857143,77.4009491428571,93.3313471428571,3351543,0.0921697856778206,0.0132392751637082,0.00150288986296759
2019-02-03,201906,152,152,152,152,23.5714285714286,25.3857142857143,28.2857142857143,70.0100304285714,84.992167,94.1483785714286,3351543,0.0790498585278482,0.017094812747442,0.0710371312556634
2019-02-10,201907,132,132,132,132,23.7142857142857,24.7,25.7142857142857,82.1257,88.4408814285714,93.40509,3351543,0.0822254108033225,0.032289008376142,0.00317555227547431
2019-02-17,201908,181,181,181,181,23.7142857142857,24.6103894285714,25.4285714285714,85.7088451428571,89.5518935714286,93.3853078571429,3351543,0.0994148068516501,0.0562212688305058,0.0171893960483276
2019-02-24,201909,193,193,193,193,23.8571428571429,24.7558442857143,26,84.295948,89.3869191428571,93.3793835714286,3351543,0.391282463032699,0.0171673166657865,0.00847788615571992
2019-03-03,201910,242,242,242,242,23.5714285714286,24.5064934285714,25.5714285714286,82.1856685714286,87.9774192857143,92.5684057142857,3351543,0.183221280466937,0.0184383730120724,0.0736923261912498
2019-03-10,201911,225,225,225,225,23.2857142857143,24.0909091428571,25.4285714285714,84.198052,89.73842,94.1360757142857,3351543,0.414496248444373,0.00816221065938882,0.30912537896724
2019-03-17,201912,264,264,264,264,23.8571428571429,24.922078,26.2857142857143,80.2728045714286,87.6206062857143,92.5691814285714,3351543,0.510624807737809,0.0303340879111502,0.0224362331021861
2019-03-24,201913,294,294,294,294,23.8571428571429,24.5584414285714,25.5714285714286,85.0022488571429,89.3460482857143,93.3967785714286,3351543,0.461062859703725,0.0404512190355308,0.0274959921445137
2019-03-31,201914,412,412,412,412,23.5714285714286,24.2727271428571,25.4285714285714,87.2081465714286,91.0966791428571,94.1667985714286,3351543,0.595480350393834,0.0169644250424357,0.365966959099137
2019-04-07,201915,517,517,517,517,23.2857142857143,24.4610391428571,26.2857142857143,82.3633542857143,88.85447,94.1485757142857,3351543,0.565381974809811,0.0266829338009389,0.414177290877664
2019-04-14,201916,493,493,493,493,22.7142857142857,24.1975394285714,26,80.7286271428571,88.7865792857143,94.1485114285714,3351543,0.543473259928338,0.0449906207379705,0.0695342413926958
2019-04-21,201917,694,694,694,694,22.8571428571429,24.1148732857143,26,81.6485768571429,89.2612082857143,94.1241714285714,3351543,0.583604327917022,0.0516156289804427,0.0938123127168591
2019-04-28,201918,893,893,893,893,22.4285714285714,23.7575754285714,25.7142857142857,81.1618834285714,89.4225228571429,94.1362085714286,3351543,0.690154355769865,0.0754768773666338,0.509221871836345
2019-05-05,201919,1097,1097,1097,1097,22.1428571428571,23.1893942857143,24.5714285714286,82.9089467142857,89.5163128571429,93.3312128571429,3351543,0.695679870435796,0.0764591115196791,0.194856816696071
2019-05-12,201920,1199,1199,1199,1199,22.2857142857143,23.1558442857143,24.2857142857143,87.0498622857143,91.88119,94.1239685714286,3351543,0.737475843216095,0.063583847797865,0.11983256667153
2019-05-19,201921,1273,1273,1273,1273,22,23.1948054285714,24.4285714285714,87.0985308571429,91.5262484285714,94.1179857142857,3351543,1.05724139597791,0.110721240932908,0.383443088750465
2019-05-26,201922,1365,1365,1365,1365,22,22.9610388571429,24,86.30308,90.2060285714286,94.1057514285714,3351543,1.13438705694661,0.0921044426403003,0.176957299966016
2019-06-02,201923,1228,1228,1228,1228,20.8571428571429,21.8831168571429,23.2857142857143,84.0905742857143,89.7451428571429,94.0562028571429,3351543,1.13426024968201,0.10151950907388,0.10153323409546
2019-06-09,201924,1144,1144,1144,1144,21.8571428571429,22.8961037142857,24.4285714285714,80.5359142857143,87.2141135714286,92.5243071428572,3351543,1.13011768012524,0.116452929292568,0.391452235582238
2019-06-16,201925,1083,1083,1083,1083,21.4285714285714,22.3636362857143,23.7142857142857,81.3255324285714,89.1980694285714,93.2890471428571,3351543,1.14181050340097,0.121173143235817,0.394380439099245
2019-06-23,201926,1195,1195,1195,1195,20.8571428571429,21.5194802857143,22.4285714285714,85.4959642857143,89.8227758571429,93.2516,3351543,1.17231466223169,0.118336240949318,0.0849262563541628
2019-06-30,201927,1060,1060,1060,1060,21.2857142857143,22.2337662857143,23.1428571428571,86.2677321428571,90.4315302857143,94.9106,3351543,1.14046097573565,0.108532099990959,0.0702935931300896
2019-07-07,201928,1172,1172,1172,1172,21.4285714285714,22.025974,22.8571428571429,86.9798314285714,91.751805,94.0748257142857,3351543,1.06860213340542,0.126137125497122,0.398516444515258
2019-07-14,201929,1214,1214,1214,1214,20.7142857142857,21.3896102857143,22.5714285714286,81.6987494285714,88.2135614285714,93.2210028571429,3351543,1.16183650336576,0.12405778472781,0.0335009874556286
2019-07-21,201930,1128,1128,1128,1128,21.1428571428571,22.2727274285714,23.4285714285714,79.0897195714286,86.9560162857143,92.44256,3351543,1.10370805327576,0.108468845543679,0.102260660239179
2019-07-28,201931,826,826,826,826,20,20.8311685714286,21.7142857142857,86.0834085714286,91.1577314285714,94.0122985714286,3351543,1.01655058580481,0.113189059486929,0.0176876740056744
2019-08-04,201932,843,843,843,843,20.1428571428571,21.155844,22.5714285714286,81.881668,87.3781072857143,90.881478,3351543,1.09273042297234,0.124419110839395,0.0893907671779834
2019-08-11,201933,783,783,783,783,20.8571428571429,21.6493505714286,22.8571428571429,81.1707188571429,87.7645492857143,92.4416857142857,3351543,1.0779094882566,0.124419110839395,0
2019-08-18,201934,710,710,710,710,19.5714285714286,20.6623377142857,21.8571428571429,84.6497792857143,90.3935031428571,95.7149028571429,3351543,1.01347618097097,0.10502684882754,0
2019-08-25,201935,564,564,564,564,20.1428571428571,21.25974,22.8571428571429,84.6629094285714,91.4960305714286,97.4491142857143,3351543,0.914553983046018,0.10502684882754,0.0123038851060541
2019-09-01,201936,512,512,512,512,20.8571428571429,21.8831171428571,23,87.8090997142857,93.3805642857143,99.1455371428571,3351543,0.929718341671284,0.111027666958174,0.0187820952916313
2019-09-08,201937,462,462,462,462,20.8571428571429,22.2077922857143,23.4285714285714,82.6954342857143,89.2052994285714,94.0888642857143,3351543,0.601167879988411,0.119189877617563,0.0188155127354774
2019-09-15,201938,441,441,441,441,20.5714285714286,21.4805197142857,23,87.8910937142857,93.9182598571429,99.1517885714286,3351543,0.617707426101948,0.091301528877893,0.0175668341417669
2019-09-22,201939,445,445,445,445,20.7142857142857,21.792208,23.7142857142857,85.5349022857143,92.7708064285714,98.3097628571429,3351543,0.633950392401351,0.10314353717079,0.0891640059518854
2019-09-29,201940,469,469,469,469,21.1428571428571,22.1688311428571,24.4285714285714,84.9568957142857,91.9438701428571,96.6132742857143,3351543,0.634392576792242,0.0919770386356374,0.0793900003669951
2019-10-06,201941,342,342,342,342,20.5714285714286,21.9242425714286,24.4285714285714,83.4648542857143,90.9344954285714,94.9106657142857,3351543,0.596535685205292,0.0997015404546503,0.0155934147346461
2019-10-13,201942,261,261,261,261,21.7142857142857,22.79329,24.7142857142857,80.1014451428571,90.2521385714286,96.6318285714286,3351543,0.495285305902386,0.105702358585284,0.0155934147346461
2019-10-20,201943,219,219,219,219,21.5714285714286,22.5876625714286,25.1428571428571,83.1044891428571,92.6120715714286,98.3097628571429,3351543,0.424866695727908,0.083360708783984,0.00737630398893883
2019-10-27,201944,255,255,255,255,21,22.1699131428571,25,83.4927142857143,91.9834257142857,95.7588771428571,3351543,0.507486850086662,0.0752710020429396,0.0695342413926958
2019-11-03,201945,122,122,122,122,21.1428571428571,22.2922077142857,23.5714285714286,87.79452,93.0308408571429,97.4677371428571,3351543,0.152841541940533,0.0264260372013726,0
2019-11-10,201946,181,181,181,181,21.5714285714286,22.5463205714286,24,84.8626264285714,91.796317,96.6195257142857,3351543,0.106782159739559,0.0615456820932926,0
2019-11-17,201947,236,236,236,236,21.2857142857143,22.2753245714286,23.4285714285714,84.7692568571429,91.1790798571429,94.9169171428571,3351543,0.459757789173524,0.0258146770010112,0.0695342413926958
2019-11-24,201948,227,227,227,227,22,22.8974025714286,24.2857142857143,87.1931048571429,92.0258384285714,95.7775,3351543,0.179291150374618,0.0567601251125228,0.0695342413926958
2019-12-01,201949,64,64,64,64,22,23.1194805714286,24.4285714285714,87.1054251428571,91.7052515714286,94.9539628571429,3351543,0.0769105453816347,0.0581036853771532,0
2019-12-08,201950,51,51,51,51,22.2857142857143,23.3363637142857,24.8571428571429,82.8373808571429,90.4631022857143,94.1057514285714,3351543,0.0920295517616811,0.0264260372013726,0
2019-12-15,201951,44,44,44,44,22.7142857142857,23.3987014285714,24.4285714285714,87.9315994285714,92.9576171428571,96.6563657142857,3351543,0.0920295517616811,0.0396653123650808,0
2019-12-22,201952,34,34,34,34,22,23.2675325714286,24.5714285714286,83.5651405714286,90.8537037142857,97.4677371428571,3351543,0,0.0264260372013726,0
2019-12-29,202001,38,38,38,38,23.5,25.9375003333333,29.5,61.8748986666667,80.9312306666667,93.2166216666667,3351543,0.00766602129228239,0,0.00766602129228239
2020-01-05,202002,60,60,60,60,23,26.1773808571429,30.5714285714286,57.1292861428571,77.908008,94.1612071428571,3351543,0.00766602129228239,0.0396653123650808,0
2020-01-12,202003,61,61,61,61,22.7142857142857,26.8035714285714,31.8571428571429,50.4210505714286,75.225055,95.8495285714286,3351543,0.0772002626849782,0.0487724609232225,0.0695342413926958
2020-01-19,202004,47,47,47,47,23.5714285714286,26.8869045714286,31.2857142857143,57.6042444285714,79.9629788571429,96.6683421428571,3351543,0.0772002626849782,0.0171673166657865,0
2020-01-26,202005,40,40,40,40,23.8571428571429,27.0595237142857,31.2857142857143,58.5223092857143,79.8608774285714,96.662225,3351543,0.0717899188523018,0,0.00225567745960592
2020-02-02,202006,63,63,63,63,23.8571428571429,25.6773808571429,28.2857142857143,77.3402822857143,88.3077164285714,97.50438,3351543,0.0175217802665817,0.0385688024888835,0.0098557589742993
2020-02-09,202007,58,58,58,58,24.1428571428571,24.8714285714286,25.8571428571429,87.2294222857143,91.8596185714286,95.8386157142857,3351543,0.00766602129228239,0.513757991468407,0
2020-02-16,202008,56,56,56,56,23.7142857142857,24.5974028571429,25.8571428571429,84.385354,91.2927828571429,97.4983271428571,3351543,0.00766602129228239,0.0331035585698886,0
2020-02-23,202009,69,69,69,69,24.5714285714286,26.6347402857143,30,69.7483544285714,85.2151771428571,95.8506564285714,3351543,0.390802982387515,0.50421731125037,0
2020-03-01,202010,57,57,57,57,24.5714285714286,26.2705628571429,28.8571428571429,71.7275462857143,84.7325678571429,94.1788392857143,3351543,0.00766602129228239,0.469864178976668,0
2020-03-08,202011,63,63,63,63,23.8571428571429,26.0373371428571,29.4285714285714,66.9383571428571,84.2136322857143,95.002445,3351543,0.0848662839772606,0.0316776481757805,0
2020-03-15,202012,31,31,31,31,23.8571428571429,26.2954545714286,30.1428571428571,66.9726857142857,86.1025592857143,96.6745242857143,3351543,0,0,0
2020-03-22,202013,32,32,32,32,24.1428571428571,27.1845237142857,31.2857142857143,65.213726,83.94213,97.5283964285714,3351543,0,0.468202556255432,0
2020-03-29,202014,42,42,42,42,23.7142857142857,26.3750002857143,30.1428571428571,69.3521231428571,87.6384278571429,99.1701442857143,3351543,0.0317373221826484,0,0.0218815632083491
2020-04-05,202015,78,78,78,78,24,27.5011907142857,31.5714285714286,61.0693107142857,82.4873371428571,98.3462764285714,3351543,0.0130390688706664,0.0171673166657865,0.0103525450814744
2020-04-12,202016,159,159,159,159,24,27.5048455714286,31,60.7301228571429,78.8345977142857,95.0510035714286,3351543,0.0836626592587355,0.0435208499488146,0.0711287308562056
2020-04-19,202017,135,135,135,135,23.5714285714286,26.6079948571429,29.7142857142857,65.8172761428571,82.8427364285714,97.5103678571429,3351543,0.0630673692684235,0.0264260372013726,0.0304465734140961
2020-04-26,202018,120,120,120,120,23,25.5416668571429,29,70.4716997142857,88.7631651428571,100,3351543,0.0358372248245062,0.044864410213445,0.00827976845291855
2020-05-03,202019,147,147,147,147,22.5714285714286,25.8928571428571,30,61.9635398571429,85.5177111428571,100,3351543,0.0872046099363786,0.0508652283440791,0.0434032921552849
2020-05-10,202020,141,141,141,141,22.7142857142857,25.3630954285714,28.8571428571429,69.0363191428571,87.2438558571429,99.1701442857143,3351543,0.179126748485697,0.0634289937500429,0.038068137571262
2020-05-17,202021,133,133,133,133,23.2857142857143,25.3928574285714,28.7142857142857,73.9153215714286,89.8853525714286,100,3351543,0.0750737794502413,0.069429811880677,0.0139935546105182
2020-05-24,202022,129,129,129,129,22.8571428571429,25.1190477142857,28.8571428571429,69.9427491428571,89.4330641428571,100,3351543,0.0949526829881043,0.0805963104158294,0.0249765555745518
2020-05-31,202023,128,128,128,128,22.2857142857143,24.9404765714286,28.8571428571429,69.7849851428571,89.1528827142857,100,3351543,0.0853633684544701,0.0634289937500429,0
2020-06-07,202024,133,133,133,133,21.7142857142857,24.4345237142857,28.1428571428571,70.2920371428571,88.8051932857143,100,3351543,0.0877243705361978,0.0973748509268716,0.0222106653562255
2020-06-14,202025,138,138,138,138,21.5714285714286,24.0907754285714,27.2857142857143,70.8722991428571,86.8108657142857,100,3351543,0.0909974898129011,0.0575254442506034,0.00439857104623154
2020-06-21,202026,112,112,112,112,21.4285714285714,24.0324497142857,28,64.0218825714286,85.7739394285714,99.1579742857143,3351543,0.36279051171356,0.0634289937500429,0.305936698410255
2020-06-28,202027,121,121,121,121,20.4285714285714,23.4932955714286,27.8571428571429,62.4231594285714,85.9721571428571,100,3351543,0.0686749356937983,0.0501897185863347,0.0155934147346461
2020-07-05,202028,142,142,142,142,21.2857142857143,23.4451274285714,27.1428571428571,67.0998098571429,88.6204635714286,100,3351543,0.359351797067798,0.0633329185989856,0.321530113144901
2020-07-12,202029,109,109,109,109,20.2857142857143,23.5527948571429,27.2857142857143,63.829219,84.7794642857143,100,3351543,0.363756633884751,0.0317513455742624,0
2020-07-19,202030,95,95,95,95,19.7142857142857,23.1680122857143,27.2857142857143,61.6837627142857,83.3682185714286,98.2847528571429,3351543,0.373780673558418,0.0688814077575612,0
2020-07-26,202031,69,69,69,69,20,23.2772677142857,27.4285714285714,60.828722,84.2890714285714,99.1640914285714,3351543,0.337123527879547,0.0668709904661823,0
2020-08-02,202032,71,71,71,71,20.1428571428571,23.4201248571429,27.2857142857143,60.7248671428571,80.9032742857143,95.8353357142857,3351543,0.337123527879547,0.0376143167490317,0
2020-08-09,202033,78,78,78,78,19.1428571428571,22.9226188571429,27.5714285714286,60.2532055714286,84.5809992857143,99.1579742857143,3351543,0.352679944729935,0.0501897185863347,0
2020-08-16,202034,55,55,55,55,20.4285714285714,23.5644414285714,27.4285714285714,64.9028272857143,85.8897894285714,99.1640914285714,3351543,0.0414179379467905,0.0337617628656413,0
2020-08-23,202035,32,32,32,32,19.1428571428571,23.0533122857143,27.5714285714286,59.8994188571429,83.1679345714286,99.1328242857143,3351543,0,0.0264260372013726,0
2020-08-30,202036,51,51,51,51,20.4285714285714,23.4330514285714,26.8571428571429,63.7376594285714,83.7586642857143,99.1579742857143,3351543,0.0311868294692922,0.0190497332124338,0
2020-09-06,202037,47,47,47,47,19.8571428571429,23.5085405714286,27.7142857142857,60.3996604285714,81.5928184285714,98.3035771428572,3351543,0.0155934147346461,0.0428134145973959,0
2020-09-13,202038,40,40,40,40,19.1428571428571,23.4570394285714,28,59.1681417142857,81.7295922857143,99.1579742857143,3351543,0.0155934147346461,0.00532530837288974,0
2020-09-20,202039,47,47,47,47,20.8571428571429,24.4741202857143,28.7142857142857,57.4273124285714,80.7884271428571,97.4615514285714,3351543,0,0.032289008376142,0
2020-09-27,202040,31,31,31,31,22,24.3946688571429,27.7142857142857,65.8008688571429,83.4079698571429,97.5115471428571,3351543,0.0155934147346461,0.0317513455742624,0
2020-10-04,202041,27,27,27,27,21.2857142857143,24.7721394285714,28.8571428571429,64.764889,84.4476225714286,99.1640914285714,3351543,0,0.0264260372013726,0
2020-10-11,202042,38,38,38,38,21.2857142857143,24.5725674285714,29.1428571428571,60.6114145714286,81.9682514285714,95.82131,3351543,0.0155934147346461,0.032289008376142,0
2020-10-18,202043,48,48,48,48,21.4285714285714,24.965062,29.1428571428571,60.285692,81.5288785714286,97.4799714285714,3351543,0.305936698410255,0.0264260372013726,0.305936698410255
2020-10-25,202044,37,37,37,37,22.4285714285714,25.6231885714286,29.8571428571429,62.3832737142857,82.6825311428571,97.48004,3351543,0,0.0264260372013726,0
2020-11-01,202045,31,31,31,31,23.4285714285714,26.3687888571429,30.8571428571429,62.5499768571429,81.9977757142857,96.6502485714286,3351543,0,0.00737630398893883,0
2020-11-08,202046,19,19,19,19,22.4285714285714,25.0129871428571,28.4285714285714,66.7240531428571,83.9986377142857,96.6563014285714,3351543,0,0,0
2020-11-15,202047,27,27,27,27,23.2857142857143,26.2515525714286,30.7142857142857,63.0462014285714,84.0994397142857,98.3462764285714,3351543,0,0.00737630398893883,0
2020-11-22,202048,13,13,13,13,21.8571428571429,25.319506,29.7142857142857,58.3185245714286,79.9110835714286,95.9479457142857,3351543,0,0,0
2020-11-29,202049,37,37,37,37,21.9857142857143,NA,NA,NA,NA,NA,3351543,0.0196297645591896,0.0449906207379705,0.0196297645591896
2020-12-06,202050,22,22,22,22,22.1142857142857,NA,NA,NA,NA,NA,3351543,0,0.0190497332124338,0
2020-12-13,202051,30,30,30,30,22.2428571428571,NA,NA,NA,NA,NA,3351543,0,0.0190497332124338,0
2020-12-20,202052,26,26,26,26,22.3714285714286,NA,NA,NA,NA,NA,3351543,0,0.032289008376142,0
2020-12-27,202053,10,10,10,10,22.5,25.958333,31,58.800529,82.47486,100,3351543,0,0.0185645835365979,0
2021-01-03,202101,20,20,20,20,22.2857142857143,26.0170808571429,31,57.4983467142857,79.948353,99.1640914285714,3351543,0,0,0
2021-01-10,202102,21,21,21,21,22.7142857142857,26.179762,31.4285714285714,56.0327438571429,79.6640457142857,96.6318971428571,3351543,0,0.032289008376142,0
2021-01-17,202103,17,17,17,17,22,25.722789,30,58.2924475714286,80.5647257142857,98.3281828571429,3351543,0,0.00733572566426867,0
2021-01-24,202104,13,13,13,13,22.8571428571429,24.9266735714286,27.8571428571429,70.003211,86.14298,98.3342357142857,3351543,0,0.0185645835365979,0
2021-01-31,202105,18,18,18,18,22.7142857142857,25.7982682857143,30.5714285714286,60.7238422857143,83.1808557142857,97.49221,3351543,0,0.032289008376142,0
2021-02-07,202106,18,18,18,18,22.8571428571429,25.5310557142857,29.1428571428571,65.2903964285714,84.2937642857143,98.3713357142857,3351543,0,0,0
2021-02-14,202107,20,20,20,20,22.8571428571429,26.4736022857143,31.2857142857143,55.7265982857143,80.5843735714286,97.4922742857143,3351543,0,0.0243750415853235,0
2021-02-21,202108,18,18,18,18,22.5714285714286,25.6085765714286,30.2857142857143,59.9361614285714,82.4713678571429,98.3159485714286,3351543,0,0.0190497332124338,0
2021-02-28,202109,38,38,38,38,22.7142857142857,24.6011905714286,27.2857142857143,74.4602408571429,88.4019007142857,98.3281828571429,3351543,0.0282141688171687,0.0376143167490317,0.00858440425797909
2021-03-07,202110,33,33,33,33,22.4285714285714,25.9067455714286,30.4285714285714,63.6998251428571,83.6773397142857,99.1640914285714,3351543,0.0196297645591896,0.058063107052483,0
2021-03-14,202111,27,27,27,27,22,25.028537,28.8571428571429,63.5608624285714,82.6636471428571,95.7957871428572,3351543,0.0196297645591896,0.0448238318887748,0
2021-03-21,202112,20,20,20,20,22.7142857142857,25.1571617142857,28.7142857142857,71.1165524285714,87.5537605714286,100,3351543,0.0196297645591896,0.0126610340371584,0
2021-03-28,202113,11,11,11,11,22.5714285714286,25.7883022857143,30,67.1525697142857,87.2003242857143,100,3351543,0.0103510532313027,0.0132392751637082,0.0103510532313027
2021-04-04,202114,44,44,44,44,22.2857142857143,25.8435374285714,30.1428571428571,59.5928987142857,83.0457257142857,100,3351543,0.040331871021795,0.0126610340371584,0.0299808177904923
2021-04-11,202115,38,38,38,38,22.2857142857143,24.5119051428571,28.2857142857143,72.652898,91.1859951428571,100,3351543,0.0196297645591896,0.00733572566426867,0
2021-04-18,202116,37,37,37,37,22.8571428571429,25.2420632857143,29.2857142857143,69.0897145714286,88.3095,100,3351543,0.0196297645591896,0,0
2021-04-25,202117,50,50,50,50,22.8571428571429,25.9484991428571,30,62.9376447142857,83.27506,99.1579742857143,3351543,0.0299808177904923,0.0374881062245061,0
2021-05-02,202118,48,48,48,48,22.1428571428571,24.6488094285714,28.1428571428571,67.755276,87.8678628571429,100,3351543,0.0261396019684068,0.0190497332124338,0.00650983740921719
2021-05-09,202119,68,68,68,68,22.4285714285714,24.6130954285714,28,71.6311157142857,88.2141692857143,99.1640914285714,3351543,0.0261396019684068,0.049383821123584,0.00650983740921719
2021-05-16,202120,102,102,102,102,22,24.8809525714286,28.7142857142857,64.365057,85.5329964285714,98.3220657142857,3351543,0.0386794977716234,0.0317107672495922,0.0386794977716234
2021-05-23,202121,119,119,119,119,21,24.8630951428571,29,58.0371491428571,81.6489708571429,97.5354271428571,3351543,0.0451893351808406,0.0190497332124338,0.0190497332124338
2021-05-30,202122,154,154,154,154,21.7142857142857,23.9892597142857,27.7142857142857,70.7974062857143,88.2435915714286,100,3351543,0.395924205656917,0.0263854588767025,0.350734870476076
2021-06-06,202123,201,201,201,201,20.7142857142857,23.7165751428571,27.4285714285714,67.2474017142857,87.1546785714286,100,3351543,0.379209516333223,0.0337617628656413,0.325566462969444
2021-06-13,202124,245,245,245,245,22.1428571428571,23.9645445714286,26.2857142857143,72.9037522857143,85.1449921428571,93.4535085714286,3351543,0.386369203677232,0.044864410213445,0.351775883525886
2021-06-20,202125,287,287,287,287,20.7142857142857,23.2533645714286,27,69.6363032857143,86.9351962857143,98.3362385714286,3351543,0.404157726754513,0.0501491402616646,0.0386794977716234
2021-06-27,202126,380,380,380,380,20.7142857142857,22.9046205714286,26.1428571428571,67.9677542857143,88.4171644285714,99.1517885714286,3351543,0.432529136579778,0.0672439530091066,0.35925631865681
2021-07-04,202127,405,405,405,405,20.1428571428571,23.2129917142857,27.2857142857143,63.9251104285714,86.2991914285714,100,3351543,0.455862866745257,0.0560526897611041,0.373275234720247
2021-07-11,202128,436,436,436,436,20.8571428571429,23.4192545714286,27.1428571428571,67.0154782857143,87.4911187142857,99.1640914285714,3351543,0.483121356342437,0.0712641908517957,0.355454786049291
2021-07-18,202129,446,446,446,446,20.4285714285714,23.2696688571429,26.8571428571429,65.7086812857143,85.0508328571429,100,3351543,0.457176590006454,0.0878595321617536,0.350284331724224
2021-07-25,202130,443,443,443,443,20.2857142857143,23.4461462857143,27.4285714285714,63.1051585714286,85.4970851428571,100,3351543,0.431267329704557,0.0805238064974849,0.305936698410255
2021-08-01,202131,507,507,507,507,20.7142857142857,22.5443251428571,25.7142857142857,69.1948495714286,87.6066192857143,100,3351543,0.463220671792067,0.101250976042975,0.354536403083595
2021-08-08,202132,415,415,415,415,20.5714285714286,22.7432714285714,25.7142857142857,72.357516,88.0350842857143,99.1517885714286,3351543,0.492093940015092,0.0878595321617536,0.0282941319863717
2021-08-15,202133,446,446,446,446,20.2857142857143,23.2005691428571,26.7142857142857,61.5801008571429,82.9777067142857,97.5115471428571,3351543,0.503806754083119,0.0901844314693262,0.0176658929931676
2021-08-22,202134,353,353,353,353,20.5714285714286,23.6420811428571,27.2857142857143,63.9352267142857,84.5927972857143,100,3351543,0.478236442140232,0.0805963104158294,0.0132392751637082
2021-08-29,202135,382,382,382,382,20.2857142857143,23.5496891428571,27.8571428571429,62.463059,85.8051842857143,100,3351543,0.411971739583827,0.0805963104158294,0.00845371818293843
2021-09-05,202136,381,381,381,381,20.7142857142857,24.851708,29.8571428571429,60.1934964285714,83.5416701428571,100,3351543,0.498357920516013,0.0732200064268905,0.00845371818293843
2021-09-12,202137,323,323,323,323,22.5714285714286,25.5367497142857,29.1428571428571,66.9128657142857,87.019427,100,3351543,0.452830532086266,0.0599082273448379,0.021993153601192
2021-09-19,202138,337,337,337,337,22.5714285714286,25.994048,30.4285714285714,60.9543245714286,82.8480194285714,99.1701442857143,3351543,0.424595477366694,0.0805238064974849,0.00858440425797909
2021-09-26,202139,354,354,354,354,24,26.3214285714286,29.4285714285714,65.6032405714286,84.7367478571429,96.8062342857143,3351543,0.461641100830274,0.0857530397193173,0.00845371818293843
2021-10-03,202140,236,236,236,236,21.8571428571429,25.8273814285714,30.7142857142857,56.2698588571429,82.5641422857143,100,3351543,0.379174308669171,0.0634289937500429,0
2021-10-10,202141,246,246,246,246,22.4285714285714,26.3220874285714,31,59.1207094285714,83.4488877142857,100,3351543,0.383050732155309,0.0931612693019305,0.00650983740921719
2021-10-17,202142,306,306,306,306,23.7142857142857,26.8840577142857,30.8571428571429,65.947083,84.2374035714286,99.1761321428571,3351543,0.426739564433456,0.087932036080098,0.0149635555921556
2021-10-24,202143,210,210,210,210,23.5714285714286,26.3056414285714,30,60.9254902857143,81.8727571428571,95.9601157142857,3351543,0.385273887281172,0.0737340979960573,0.0196297645591896
2021-10-31,202144,211,211,211,211,24.2857142857143,27.5380437142857,32.1428571428571,58.2499614285714,81.3320844285714,95.8566442857143,3351543,0.406863942965971,0.572996378086153,0.014948935460473
2021-11-07,202145,176,176,176,176,24.4285714285714,27.417702,31.4285714285714,61.6437308571429,80.739348,95.1746008571429,3351543,0.388146593971792,0.557676270302962,0
2021-11-14,202146,124,124,124,124,23.5714285714286,26.94577,30.8571428571429,55.7696255714286,75.8268642857143,91.9050321428571,3351543,0.0870986885741881,0.0428134145973959,0
2021-11-21,202147,84,84,84,84,23.8571428571429,27.2815734285714,31.8571428571429,55.8547035714286,76.3848457142857,92.59127,3351543,0.0530316931634176,0.0374881062245061,0
2021-11-28,202148,106,106,106,106,24.5714285714286,27.9768491428571,32.2857142857143,54.9452377142857,74.1996244285714,88.8507165714286,3351543,0.0805888511649709,0.538807647701372,0.0156286223986982
2021-12-05,202149,99,99,99,99,23.8571428571429,26.9446171428571,30.5714285714286,60.3158174285714,78.8254098571429,92.5866928571429,3351543,0.0508971539377534,0.0263854588767025,0
2021-12-12,202150,106,106,106,106,24.1428571428571,26.5049174285714,30,63.9888645714286,79.7742228571429,91.0741465714286,3351543,0.0928023301506202,0.430581376995611,0.00766602129228239
2021-12-19,202151,74,74,74,74,24.8571428571429,27.6850417142857,31.7142857142857,57.270328,76.6069495714286,91.1953722857143,3351543,0.0357495040344104,0.453835143991887,0.00766602129228239
2021-12-26,202152,4,4,4,4,23.5714285714286,26.3982917142857,30.2857142857143,61.357782,79.6738235714286,92.6366122857143,3351543,0,0,0
2022-01-02,202201,76,76,76,76,23.2857142857143,26.5736715714286,31,53.7074811428571,77.6939994285714,94.1302885714286,3351543,0.0196297645591896,0.0374881062245061,0
2022-01-09,202202,94,94,94,94,23.5714285714286,26.9583334285714,31.2857142857143,57.4326572857143,77.8247708571429,94.1484471428571,3351543,0.0345933201513452,0.044864410213445,0.00650983740921719
2022-01-16,202203,108,108,108,108,23.5714285714286,26.935224,31.1428571428571,55.135974,76.2812687142857,91.8370922857143,3351543,0.0345933201513452,0.044864410213445,0.00845371818293843
2022-01-23,202204,87,87,87,87,24.1428571428571,26.6825398571429,30.7142857142857,61.6749171428571,79.5197942857143,91.0468985714286,3351543,0.0294956681146564,0.457751549062626,0
2022-01-30,202205,166,166,166,166,24,27.4209182857143,32.4285714285714,48.92594,73.843284,91.0063514285714,3351543,0.0719564093314631,0,0.0317513455742624
2022-02-06,202206,122,122,122,122,23,26.4464285714286,31,53.2926358571429,74.3951815714286,90.9874357142857,3351543,0.0486554998697615,0.0316776481757805,0.0107061135721666
2022-02-13,202207,163,163,163,163,22.8571428571429,26.2400792857143,31,52.5561085714286,75.4598258571429,90.9360428571429,3351543,0.0444013399201502,0.017094812747442,0.0107061135721666
2022-02-20,202208,145,145,145,145,23,26.4583331428571,31,51.0139755714286,74.5898014285714,92.5378157142857,3351543,0.0498075065723459,0.0396247340404106,0.00735004742591696
2022-02-27,202209,182,182,182,182,23.1428571428571,25.7714285714286,30.2857142857143,58.0764217142857,79.8675114285714,92.5738114285714,3351543,0.392904999279436,0.0374881062245061,0.0237878493577436
2022-03-06,202210,187,187,187,187,22.5714285714286,25.7916665714286,30.2857142857143,53.9406071428571,77.7945042857143,94.0934485714286,3351543,0.109564758679808,0.0427173394463386,0.0225964578106263
2022-03-13,202211,190,190,190,190,23,25.3433674285714,28.7142857142857,66.2549921428571,83.1745121428571,94.1241028571429,3351543,0.406827840191816,0.0678221941356563,0.0266859175012822
2022-03-20,202212,262,262,262,262,22.8571428571429,25.4192177142857,29.4285714285714,64.6247442857143,82.732148,93.3435857142857,3351543,0.470031564565933,0.058063107052483,0.392476241540091
2022-03-27,202213,362,362,362,362,23,25.6225222857143,29.5714285714286,63.562,82.7749365714286,94.1424585714286,3351543,0.503750063776595,0.0546130543454164,0.389722286123138
2022-04-03,202214,524,524,524,524,22,24.8916667142857,29,64.412563,82.5086644285714,94.0993628571429,3351543,0.519828926557111,0.0678946980540008,0.397373985653772
2022-04-10,202215,619,619,619,619,22.2857142857143,25.8619048571429,31,52.7293488571429,78.8018207142857,94.1118685714286,3351543,0.563481954431138,0.0783767357303785,0.375243581836784
2022-04-17,202216,868,868,868,868,22.5714285714286,25.5134577142857,29.7142857142857,61.3105,81.4520155714286,94.1362728571429,3351543,0.599741372854235,0.0857530397193173,0.39171987350304
2022-04-24,202217,1240,1240,1240,1240,22,24.6715365714286,28.5714285714286,62.439223,83.2789177142857,94.12397,3351543,1.01971002609843,0.0965307620997254,0.493950099998717
2022-05-01,202218,1655,1655,1655,1655,22.1428571428571,24.8279217142857,28.7142857142857,67.6653188571429,85.1028951428571,93.3610285714286,3351543,1.10713035756963,0.114614969881037,0.486612584114242
2022-05-08,202219,2046,2046,2046,2046,22.2857142857143,24.3891937142857,28,67.2049052857143,84.5069741428571,94.1117357142857,3351543,1.21654981004272,0.126402973197718,0.570671180408546
2022-05-15,202220,2730,2730,2730,2730,22.2857142857143,25.2738094285714,29.4285714285714,63.5866204285714,82.9069442857143,94.1364057142857,3351543,1.32223158109563,0.117934336513063,0.654650111903681
2022-05-22,202221,2752,2752,2752,2752,22,23.9480517142857,26.8571428571429,71.4215941428571,85.3375885714286,94.0996342857143,3351543,1.39086355150449,0.119844203102869,0.503107673092662
2022-05-29,202222,2942,2942,2942,2942,22.1428571428571,23.8154757142857,27.1428571428571,74.2781614285714,88.5313255714286,94.9723142857143,3351543,1.32658927544716,0.121860289424901,0.482213117957908
2022-06-05,202223,2715,2715,2715,2715,21.7142857142857,23.2360544285714,26.1428571428571,74.851151,88.8237658571429,94.1180542857143,3351543,1.24688091425352,0.126041647086133,0.0599905774743156
2022-06-12,202224,2661,2661,2661,2661,21.5714285714286,23.1369045714286,25.7142857142857,75.3070978571428,87.2601735714286,94.0810114285714,3351543,1.29580106834374,0.108874330420347,0.0879726144047682
2022-06-19,202225,2653,2653,2653,2653,21.7142857142857,23.6190474285714,26.5714285714286,66.8719982857143,83.67148,92.4899057142857,3351543,1.27147734640433,0.126041647086133,0.338340877619652
2022-06-26,202226,2013,2013,2013,2013,21.4285714285714,22.9705887142857,25.2857142857143,72.2457322857143,86.7234465714286,93.2827271428571,3351543,1.28156911607579,0.111279192897122,0.0314840060234943
2022-07-03,202227,2074,2074,2074,2074,21.1428571428571,23.0238097142857,25.4285714285714,73.2886414285714,85.3949955714286,93.2524742857143,3351543,1.2226153744708,0.111279192897122,0.00239083908516167
2022-07-10,202228,1827,1827,1827,1827,21.1428571428571,23.0896355714286,26.8571428571429,64.1302328571429,83.5254128571429,94.0499514285714,3351543,1.25551813000758,0.097233721900629,0.0308368414190121
2022-07-17,202229,1503,1503,1503,1503,21.8571428571429,23.7956345714286,26.5714285714286,67.683108,83.1275691428571,93.2827957142857,3351543,1.17570533930193,0.0976911231632714,0.0512671327803343
2022-07-24,202230,1216,1216,1216,1216,21.8571428571429,23.7378154285714,26.4285714285714,70.5315608571429,83.8530485714286,91.76905,3351543,1.2076175063247,0.113189059486929,0.0155934147346461
2022-07-31,202231,1261,1261,1261,1261,22.1428571428571,23.6513607142857,25.7142857142857,74.1549151428571,86.2623817142857,92.5092514285714,3351543,1.09053650810985,0.10502684882754,0.0403482813736837
2022-08-07,202232,1172,1172,1172,1172,20.5714285714286,24.1964282857143,28.4285714285714,57.4317514285714,79.3186792857143,93.2951642857143,3351543,1.07004475252145,0.101100895915702,0.0420916574843289
2022-08-14,202233,981,981,981,981,20.5714285714286,23.201831,26.4285714285714,65.612317,82.6520978571428,96.6008371428571,3351543,1.0230046280176,0.0923658147903816,0.0184383730120724
2022-08-21,202234,753,753,753,753,20,22.3933151428571,25.4285714285714,70.6389451428571,86.49968,98.3035771428572,3351543,0.898601629160061,0.102511887808093,0
2022-08-28,202235,581,581,581,581,20.1428571428571,21.9880951428571,24.5714285714286,77.2328855714286,90.0468247142857,100,3351543,0.87364774970812,0.0811104019849962,0
2022-09-04,202236,525,525,525,525,19.7142857142857,23.0059525714286,26.2857142857143,66.248848,84.5590941428571,99.1455371428571,3351543,0.551435861034753,0.0846422080814717,0.00218406865136446
2022-09-11,202237,460,460,460,460,19.5714285714286,22.1269841428571,26.1428571428571,69.1942857142857,87.8878864285714,100,3351543,0.512024461568895,0.0791265396266734,0.0196297645591896
2022-09-18,202238,427,427,427,427,20,22.7325757142857,26.2857142857143,72.1393307142857,87.466612,99.1517885714286,3351543,0.511267198421742,0.0865532681514156,0
2022-09-25,202239,312,312,312,312,19.5714285714286,23.154762,28,59.9262094285714,83.7412464285714,98.29719,3351543,0.499943160508458,0.0800673003449456,0.0063645312024939
2022-10-02,202240,287,287,287,287,20.5714285714286,24.1028137142857,28.4285714285714,62.9628622857143,83.0293828571429,98.3096285714286,3351543,0.489771427667794,0.0600768064142397,0
2022-10-09,202241,241,241,241,241,22.2857142857143,24.755952,27.8571428571429,62.7264251428571,81.2205821428571,95.0092814285714,3351543,0.486926469390367,0.0791265396266734,0
2022-10-16,202242,202,202,202,202,21,24.2869085714286,28.8571428571429,60.4999428571429,82.2734085714286,98.2973257142857,3351543,0.47102633026042,0.0600768064142397,0
2022-10-23,202243,130,130,130,130,21.8571428571429,24.2974387142857,28.1428571428571,68.7642841428572,85.8517258571429,98.3159485714286,3351543,0.413539077374212,0.065939777589009,0
2022-10-30,202244,151,151,151,151,21.8571428571429,25.0247491428571,29.8571428571429,62.5029198571429,83.4562671428571,98.3220657142857,3351543,0.437070925242493,0.0527005024253008,0
2022-11-06,202245,138,138,138,138,22.2857142857143,24.5842492857143,28.1428571428571,69.643753,88.1842685714286,99.1579742857143,3351543,0.452587957248348,0.0527005024253008,0.0196297645591896
2022-11-13,202246,116,116,116,116,22.1428571428571,24.7646102857143,28.5714285714286,67.4049562857143,86.3258741428571,99.1640914285714,3351543,0.159031825042973,0.0527005024253008,0.0171673166657865
2022-11-20,202247,99,99,99,99,21.5714285714286,24.3730161428571,28,68.975149,85.7704865714286,98.3220657142857,3351543,0.139127261682157,0.0527005024253008,0
2022-11-27,202248,97,97,97,97,22.8571428571429,25.4535714285714,29.5714285714286,61.8231342857143,82.7219871428571,95.8574928571429,3351543,0.128212885826021,0.0527005024253008,0
2022-12-04,202249,109,109,109,109,22.1428571428571,25.0708874285714,29.4285714285714,63.2515807142857,84.7972972857143,98.3342357142857,3351543,0.106331322617672,0.0527005024253008,0.0695342413926958
2022-12-11,202250,72,72,72,72,22.6666666666667,25.8888886666667,31.1666666666667,57.4520963333333,81.700471,97.0600466666667,3351543,0.107602378963958,0.0527005024253008,0
2022-12-18,202251,54,54,54,54,21.5,24.3509615,30,58.56828,83.528465,97.05291,3351543,0.0367970812249761,0.0527005024253008,0
2022-12-25,202252,75,75,75,75,22.3333333333333,24.0722226666667,27,77.6499086666667,89.0158003333333,98.0495466666667,3351543,0.106331322617672,0.0527005024253008,0
2023-01-01,202301,85,85,85,85,22.1428571428571,25.3750002857143,29.8571428571429,60.179396,83.8545565714286,100,3351543,0.0942118301928395,0.0527005024253008,0
2023-01-08,202302,96,96,96,96,22.7142857142857,25.4583334285714,29.4285714285714,62.6074884285714,81.9059585714286,95.0208085714286,3351543,0.0770445135270531,0.0791265396266734,0
2023-01-15,202303,80,80,80,80,24.4285714285714,24.4285714285714,24.4285714285714,89.571632,89.571632,89.571632,3351543,0.0196297645591896,0.559857056883949,0
2023-01-22,202304,70,70,70,70,23.8571428571429,23.9285714285714,24,91.77019,92.1608385714286,92.5514871428571,3351543,0.038068137571262,0.0923658147903816,0
2023-01-29,202305,82,82,82,82,23,24.2202382857143,25.5714285714286,81.4833471428571,88.3493528571429,93.3868028571429,3351543,0.0452278249152704,0.0600768064142397,0.00715968734400842
2023-02-05,202306,115,115,115,115,24.1428571428571,24.1428571428571,24.1428571428571,93.4564185714286,93.4564185714286,93.4564185714286,3125254,0.0780022999730582,0.554000410846606,0.032865488693079
2023-02-12,202307,90,90,90,90,24.4285714285714,24.5952380952381,24.7619047619048,88.6450280952381,89.0433166666667,89.4416033333333,3125254,0.0305194393799672,0.533514395949897,0.0261361156565194
2023-02-19,202308,94,94,94,94,23.5714285714286,25.6845237142857,28.4285714285714,69.3335964285714,85.0580137142857,95.8757157142857,3125254,0.0239231755242934,0.0428601963232428,0.00501495238467017
2023-02-26,202309,130,130,130,130,24.7142857142857,24.9857142857143,25.2857142857143,87.2539808571428,88.4608978571429,89.5115522857143,3125254,0.0618986488778192,0.547488300150964,0.0336151877575391
2023-03-05,202310,120,120,120,120,24.2857142857143,24.7714285714286,25.2857142857143,84.2746014285714,87.2876542857143,90.21312,3125254,0.372185108794357,0.576652969646627,0.30738845546634
2023-03-12,202311,137,137,137,137,24.16,24.604,25.16,84.7627776,87.53961456,89.86630272,3125254,0.350514230203369,0.568798888026381,0.30738845546634
2023-03-19,202312,169,169,169,169,23.4285714285714,25.375,28.1428571428571,73.5935518571429,86.9594762857143,97.5468857142857,3125254,0.386017584490733,0.0496522842623352,0.0295150410174661
2023-03-26,202313,196,196,196,196,23.3333333333333,24.6913578518519,26.5925925925926,80.7592695555555,89.9746694814815,96.5387377777778,3125254,0.449351636698969,0.0326146290829481,0.319035508793845
2023-04-02,202314,270,270,270,270,23,25.8392857142857,30.1428571428571,64.9327017142857,85.0510637142857,98.3281828571429,3125254,0.430023607681168,0.0447733208244834,0.349565187341573
2023-04-09,202315,282,282,282,282,22.2857142857143,25.8571428571429,30.5714285714286,58.7916724285714,82.8613864285714,100,3125254,0.49199777042122,0.0562818254132304,0.10176740834505
2023-04-16,202316,249,249,249,249,23.5714285714286,26.7083334285714,31.2857142857143,60.9545265714286,82.9313235714286,99.1701442857143,3125254,0.486708600324966,0.0818416679092323,0
2023-04-23,202317,203,203,203,203,22.7142857142857,25.2083334285714,28.7142857142857,73.1965175714286,88.6513531428571,98.3281828571429,3125254,0.424809311499161,0.0470547353911074,0
2023-04-30,202318,215,215,215,215,24,24.1773506153846,24.2692307692308,93.5175230769231,94.3857723076923,95.9490584615385,3125254,0.44235508537866,0.0640968702063896,0
2023-05-07,202319,234,234,234,234,23.5555555555556,24.2645503703704,25,86.8975751851852,90.0661177777778,92.7754814814815,3125254,0.408861487738277,0.0590304020089247,0.0360047535336328
2023-05-14,202320,179,179,179,179,23.2857142857143,24.2380954285714,25.4285714285714,82.6565048571429,90.7927914285714,95.8203928571429,3125254,0.369739227595581,0.0402626474520151,0.0268109408067312
2023-05-21,202321,189,189,189,189,22.7142857142857,24.2976191428571,26.4285714285714,82.7427314285714,93.0339787142857,100,3125254,0.399125639068057,0.0413006430837302,0.0102455672402947
2023-05-28,202322,195,195,195,195,23.56,23.8822224,24.24,92.201978,93.83322176,95.7750312,3125254,0.415044345195622,0.076234443664419,0.0143613927060009
2023-06-04,202323,210,210,210,210,21.9299508403361,24.1241337535014,26.9022676470588,75.1998169467787,86.8792896358543,95.1214838935574,3125254,0.426242155037639,0.37231021862543,0.334671357912029
2023-06-11,202324,213,213,213,213,22.2135215686274,24.2202149859944,26.9227568627451,75.0305798319328,86.8840371148459,94.8498557422969,3125254,0.361836509928473,0.367473811728583,0.30738845546634
2023-06-18,202325,179,179,179,179,23,23.095238,23.1428571428571,93.5088957142857,94.31616,95.1491371428571,3125254,0.395489134643136,0.0636985025857098,0
2023-06-25,202326,204,204,204,204,22.1428571428571,22.5079364285714,22.8571428571429,91.8241322857143,93.55353,95.9357757142857,3125254,0.358755800328549,0.0413006430837302,0.00677544929148159
2023-07-02,202327,183,183,183,183,22.4285714285714,22.7142857142857,23,89.8604542857143,92.1340142857143,94.4075764285714,3125254,0.372471485517657,0.0628425721557352,0.0102455672402947
2023-07-09,202328,249,249,249,249,21.1703791316527,23.8189543417367,27.1257634453782,70.2447816526611,85.0572631652661,95.2907768907563,3125254,0.0960049967138671,0.0949980385594259,0.0366686995680991
2023-07-16,202329,215,215,215,215,20.7476785714286,23.2260572829132,26.2623057422969,69.6240882352941,83.5533574229692,93.6835683473389,3125254,0.471099629022153,0.0808699068939677,0.0752210860301275
2023-07-23,202330,173,173,173,173,20.3763348739496,23.4027151260504,27.2077396358543,64.6189264705882,81.5591093837535,93.5714344537815,3125254,0.367032887566899,0.0808699068939677,0
2023-07-30,202331,173,173,173,173,20.5913831932773,23.3745612044818,26.6999044817927,67.5327145658263,82.1502327731092,92.7356903361345,3125254,0.447303163198895,0.0492750349251613,0
2023-08-06,202332,165,165,165,165,21.3090966386555,23.5596057422969,26.6189196078431,68.9217042016807,83.1829602240896,92.7419291316527,3125254,0.442036711256109,0.37108695805205,0
2023-08-13,202333,140,140,140,140,20.5864714285714,23.0920130252101,26.2717738095238,69.2174712885154,82.3398032212885,92.1777259103641,3125254,0.365696036226176,0.0492750349251613,0
2023-08-20,202334,126,126,126,126,21.7684221288515,24.6986533613445,28.6418285714286,63.0698015406162,80.8212522408964,92.8168777310924,3125254,0.0378164462792464,0.357683247505643,0
2023-08-27,202335,117,117,117,117,22.5244904761905,25.4888631652661,29.5792030812325,58.4194740896359,77.9428546218487,91.3746270308123,3125254,0.0293201768560251,0.363341347615266,0
2023-09-03,202336,105,105,105,105,21.468231232493,24.0605481792717,27.3621588235294,63.2300753501401,78.3620924369748,89.787893417367,3125254,0.0648600081785353,0.050271753911842,0.0166316081828869
2023-09-10,202337,85,85,85,85,21.5180159663866,24.0154886554622,27.1925442577031,66.8481011204482,80.038981512605,90.3349865546218,3125254,0.0189082231396232,0.361130327326995,0
2023-09-17,202338,72,72,72,72,22.1781296918767,24.2898212885154,27.2862855742297,68.5122841736695,81.9224889355742,91.5537329131653,3125254,0.0189082231396232,0.357305998168469,0
2023-09-24,202339,97,97,97,97,22.1646354341737,25.7535165266106,30.5505354341737,52.6183462184874,72.7042022408964,87.8574246498599,3125254,0.0528427449416911,0.376322372517562,0.0132770008453713
2023-10-01,202340,79,79,79,79,21.819168767507,25.5382742296919,30.4499278711485,52.2448049019608,72.2852949579832,87.4796218487395,3125254,0.0264231323278044,0.0287365442936798,0
2023-10-08,202341,75,75,75,75,22.7158868347339,25.8492829131653,30.2403278711485,54.0449441176471,74.3327450980392,88.4097177871148,3125254,0.0264231323278044,0.37281929724752,0
2023-10-15,202342,77,77,77,77,22.0317735294118,25.063787815126,29.0096736694678,54.7040932773109,73.3262780112045,87.3860512605042,3125254,0.0355398313225101,0.0409301132003991,0
2023-10-22,202343,63,63,63,63,22.7397343137255,26.4976484593838,31.4997757703081,50.5788920168067,71.7410098039216,87.1530768907563,3125254,0.0293201768560251,0.0415147056847219,0
2023-10-29,202344,46,46,46,46,23.5029607843137,26.945618767507,31.804256582633,50.419693697479,69.9411613445378,83.7128407563025,3125254,0.0293201768560251,0.0376251018317231,0
2023-11-05,202345,62,62,62,62,23.4628030812325,26.9531047619048,31.683344117647,48.995556442577,70.1176784313726,86.3872354341737,3125254,0.0189082231396232,0.0755484194244692,0
2023-11-12,202346,46,46,46,46,23.3228711484594,27.1084539215686,32.1809532212885,47.8018452380952,69.3495420168067,85.2679753501401,3125254,0.0189082231396232,0.0513519861105689,0
2023-11-19,202347,51,51,51,51,23.34935,27.1419519607843,32.3581347338936,42.2841966386555,65.3977602240896,84.0248980392157,3125254,0.0189082231396232,0.00297799794832676,0
2023-11-26,202348,43,43,43,43,22.6664091036415,26.1520921568627,30.9416288515406,45.9488449579832,68.2600959383753,86.4565925770308,3125254,0.0166316081828869,0.0644190840168511,0
2023-12-03,202349,39,39,39,39,23.43062535014,26.634,31.2976378151261,49.4447490196078,71.3239284313726,88.228474789916,3125254,0.0189082231396232,0.341489683718507,0
2023-12-10,202350,27,27,27,27,22.9967537815126,26.2461219887955,30.4423791316527,48.4513614845938,68.8392537815126,86.2569900560224,3125254,0.0189082231396232,0.309610994818341,0
2023-12-17,202351,25,25,25,25,23.3241471988796,25.9049180672269,29.6600651260504,58.3118364145658,76.8136040616247,90.4688532212885,3125254,0.0189082231396232,0.30738845546634,0
2023-12-24,202352,46,46,46,46,23.3433822128852,27.04348767507,32.0293044817927,47.1094837535014,71.0282418767507,91.2152950980392,3125254,0.0189082231396232,0.30738845546634,0
2023-12-31,202401,120,120,120,120,24.3644784313725,28.118599859944,32.9045543417367,45.1434907563025,67.211268627451,84.8996907563025,3125254,0.326296678605963,0.378162542948509,0.30738845546634
2024-01-07,202402,91,91,91,91,23.5736507002801,27.2678421568627,32.340137394958,43.9747803921569,68.642256022409,87.7339525210084,3125254,0.326296678605963,0.386145574087738,0
2024-01-14,202403,94,94,94,94,23.8711673669468,27.3493955182073,31.9555429971989,48.9070614845938,70.0742103641457,87.5357771708683,3125254,0.336708632322365,0.375837611918903,0.0104119537164019
2024-01-21,202404,113,113,113,113,25.2358035014006,28.4150701680672,32.3600649859944,50.4911607843137,68.3956487394958,83.1326337535014,3125254,0.351509989268072,0.0780429366701074,0
2024-01-28,202405,171,171,171,171,23.6655358543417,27.2079851540616,31.8117219887955,47.4118042016807,70.5353913165266,89.8706212885154,3125254,0.357729643734557,0.408845809012643,0.324020063649227
2024-02-04,202406,230,230,230,230,24.4405732492997,27.7702112044818,32.2924452380952,48.8368280112045,69.9598523809524,87.3385365546219,3125254,0.406645027892133,0.557089439770335,0.0669155211064445
2024-02-11,202407,371,371,371,371,24.0720114845938,27.0314015406162,31.1161886554622,58.2718214285714,76.6281079831933,91.2970194677871,3125254,0.514166208570567,0.58217988041932,0.445137579217561
2024-02-18,202408,718,718,718,718,24.3566058823529,27.0031756302521,30.7815303921569,61.073306022409,79.4082415966386,92.9464970588235,3125254,0.95144426661001,0.693375002479798,0.498071196773126
2024-02-25,202409,863,863,863,863,24.0793540616246,27.0906362745098,31.2123553221289,56.981668907563,75.8770460784314,91.2598889355742,3125254,1.08811507800646,0.552792828998859,0.594778216426569
2024-03-03,202410,824,824,824,824,24.4657302521008,27.5128820728291,31.553018907563,55.4450179271709,74.6246460784314,90.510468767507,3125254,1.06808374615311,0.6938066473957,0.211592081795592
2024-03-10,202411,880,880,880,880,24.2366462184874,27.5453338935574,31.8966969187675,53.7034911764706,74.4786093837535,91.0380540616246,3125254,1.05085506650019,0.68593048756997,0.0570040067143343
2024-03-17,202412,958,958,958,958,24.0649549019608,27.7586040616247,32.3970364145658,49.8939767507003,72.3345796918768,91.5832344537815,3125254,1.12213343299457,0.584061007521309,0.20429091523441
2024-03-24,202413,788,788,788,788,24.3207949579832,26.9704644257703,30.6796021008403,59.8885794117647,77.9327766106443,91.9396350140056,3125254,0.761341318177658,0.670661008673215,0.100083705196442
2024-03-31,202414,927,927,927,927,23.9961198879552,26.9577495798319,30.9472058823529,61.4438756302521,80.505206302521,94.8126166666667,3125254,1.07973239935058,0.564186462924294,0.0434726265449144
2024-04-07,202415,1004,1004,1004,1004,23.9054659663866,26.6565739495798,30.2407994397759,62.6071977591036,79.614018627451,93.613324929972,3125254,1.10067821687453,0.509918873793938,0.350250571633538
2024-04-14,202416,906,906,906,906,23.9160389355742,26.078237394958,29.2003408963585,69.1468014005602,83.2386337535014,93.8072610644258,3125254,1.09403491684196,0.527213788063306,0.011474267371548
2024-04-21,202417,877,877,877,877,23.3717547619048,26.0774801120448,29.3292729691877,67.2870775910364,82.9180822128852,95.433549859944,3125254,1.09190229018185,0.498987282313694,0.0468934684988804
2024-04-28,202418,835,835,835,835,23.3915267507003,25.7937596638655,29.0764704481793,65.5462460784314,82.1312033613445,94.2104635854342,3125254,1.05872194708014,0.444131580985098,0.0331352267687682
2024-05-05,202419,776,776,776,776,23.2563007002801,25.2611798319328,28.228450280112,68.7105239495798,84.2806900560224,94.8607477591036,3125254,1.05737229677972,0.466474084986372,0.34460719032757
2024-05-12,202420,940,940,940,940,22.7199756302521,25.3856528011204,28.7097980392157,66.315625210084,82.5630434173669,95.5540271708684,3125254,1.06555083202837,0.106011863355746,0.361661164180575
2024-05-19,202421,820,820,820,820,22.4455135854342,24.4803035014006,26.9848490196078,70.1174866946779,83.3886173669468,93.5785978991597,3125254,1.03395819987751,0.0849633341801978,0.0147968773098123
2024-05-26,202422,881,881,881,881,21.7867288515406,23.9991100840336,27.0405766106443,70.0943582633053,84.1894969187675,94.0502005602241,3125254,1.03235321033106,0.0804427416139616,0.0432092879490755
2024-06-02,202423,952,952,952,952,22.1593565826331,24.0401829131653,26.7602347338936,73.8558718487395,86.7048169467787,95.2052528011205,3125254,1.11199985665165,0.0740781389288679,0.356467666308082
2024-06-09,202424,1090,1090,1090,1090,21.9403396358543,23.7235526610644,26.2661429971989,72.201443417367,84.9023652661064,93.9067778711485,3125254,1.08247361654445,0.0849738933219508,0.430173355509664
2024-06-16,202425,1077,1077,1077,1077,20.7394648459384,23.0190763305322,25.6926071428571,72.6553387955182,84.8350239495798,94.1826581232493,3125254,1.05785641743039,0.0822160374804736,0.0832911500953202
2024-06-23,202426,870,870,870,870,19.9618928571429,23.1330420168067,26.4983155462185,63.8166322128852,81.7252827731092,95.8377106442577,3125254,1.01238299351029,0.0738541571341081,0
2024-06-30,202427,1120,1120,1120,1120,19.9580915966387,22.6157095238095,25.5351630252101,68.6537151260504,83.0180298319328,94.3449226890756,3125254,1.13025853258647,0.0608843313215502,0.163635979667573
2024-07-07,202428,1146,1146,1146,1146,21.0191385154062,23.0799099439776,25.9604295518207,67.1670617647059,82.7158095238095,93.5879145658263,3125254,1.11965363455258,0.108409748455646,0.132522988531492
2024-07-14,202429,1026,1026,1026,1026,20.3186204481793,22.7086043417367,25.8392208683473,62.6856514005602,80.2671994397759,92.5425918767507,3125254,1.12338805101921,0.0531678385180853,0.0828111891065494
2024-07-21,202430,980,980,980,980,19.6791490196078,22.5295840336134,25.9032819327731,54.692443557423,73.4289806722689,88.1526878151261,3125254,1.10661949396753,0.0463239147922057,0.0313043355836038
2024-07-28,202431,769,769,769,769,20.7503287114846,23.1097717086835,26.4745282913165,59.5232096638655,79.2467833333333,92.8252683473389,3125254,0.809653871333338,0.0731294160410642,0.0173153926048891
2024-08-04,202432,706,706,706,706,19.3371032212885,22.4445557422969,26.0535023809524,60.9783822128852,78.3011198879552,92.2319596638656,3125254,0.701665848599826,0.106609574773762,0.0126050554610921
2024-08-11,202433,605,605,605,605,20.5862929971989,23.8565103641457,27.9147516806723,53.9267260504202,74.1938725490196,90.0774519607843,3125254,0.651068681137597,0.067896561367492,0.0209579765356672
2024-08-18,202434,493,493,493,493,20.3320991596639,23.2303791316527,26.7067946778711,57.6083726890756,75.8286410364146,90.5082106442577,3125254,0.599709015651208,0.0649499208704317,0
2024-08-25,202435,437,437,437,437,19.8892809523809,22.9012424369748,26.4171543417367,54.6998907563025,73.5540193277311,89.6379004201681,3125254,0.588425452779198,0.0805182554761949,0
2024-09-01,202436,388,388,388,388,20.0637673669468,23.2705718487395,27.1419614845938,50.907968767507,70.1301777310924,86.8849018207283,3125254,0.545081455779274,0.0434367894577529,0
2024-09-08,202437,347,347,347,347,20.4459512605042,23.0610788515406,26.30095,60.0850021008403,76.7316462184874,90.2265330532213,3125254,0.492424935701226,0.076051418540701,0
2024-09-15,202438,360,360,360,360,20.4166191876751,23.6834415966387,27.7454581232493,52.0303243697479,73.0924693277311,90.5597514005602,3125254,0.554392698961428,0.0675205919262882,0
2024-09-22,202439,293,293,293,293,20.8262908963585,24.1178703081233,28.417431372549,52.6359369747899,73.3810085434174,90.2257408963585,3125254,0.485087292104898,0.0513823836398578,0
2024-09-29,202440,238,238,238,238,21.3255908963585,24.6173544817927,28.9810221288515,49.6908226890756,71.5743859943978,89.5680516806723,3125254,0.480822678732673,0.0393900783744297,0.00546515579213722
2024-10-06,202441,205,205,205,205,21.6094941176471,25.7687305322129,31.3906581232493,41.6252455182073,66.8881193277311,86.8727682072829,3125254,0.496318379242135,0.0581578329313393,0.0104119537164019
2024-10-13,202442,194,194,194,194,22.7714679271709,25.999043837535,30.494987815126,48.3207008403361,70.046394117647,86.6482543417367,3125254,0.460692154941646,0.0423987938260378,0.00726372960405778
2024-10-20,202443,169,169,169,169,22.1240854341737,25.7465862745098,30.6685985994398,44.1593026610644,67.2925331932773,85.2951042016807,3125254,0.458972934679869,0.060775220190103,0
2024-10-27,202444,172,172,172,172,22.3365680672269,25.9907616246499,30.837231092437,45.635618487395,68.781431512605,88.162062464986,3125254,0.46416355278643,0.0602319043508144,0.0166316081828869
2024-11-03,202445,156,156,156,156,22.078018487395,25.8148823529412,30.8471637254902,43.5212808123249,66.2812411764706,84.628843697479,3125254,0.473964036203137,0.00764801836906696,0.00501495238467017
2024-11-10,202446,133,134,133,140,22.7584009803922,26.4595523809524,31.6973547619048,41.888618487395,66.2123865546218,85.4632130252101,3125254,0.396020611444702,0.0402626474520151,0
2024-11-17,202447,109,110,109,117,22.8158400560224,26.6157717086835,31.8478271708683,43.9804099439776,67.4383442577031,85.9732450980392,3125254,0.054543726685895,0.0513823836398578,0
2024-11-24,202448,82,84,82,95,23.3388221288515,27.0487696078431,32.2062549019608,42.2736637254902,66.2907866946779,85.2610602240896,3125254,0.04083732074257,0.394728236488938,0
2024-12-01,202449,72,76,72,89,23.1912463585434,26.6400665266106,31.5663796918768,44.4036253501401,67.576437394958,85.7104105042017,3125254,0.0219290976029468,0.0366223033391846,0
2024-12-08,202450,85,92,86,113,23.2052130252101,26.868549719888,31.9223042016807,43.0553326330532,66.0361415966387,84.8318711484594,3125254,0.0295192006793688,0.0406734940584029,0
2024-12-15,202451,68,79,70,109,23.8138296918767,27.1760515406162,31.8866065826331,48.038237394958,70.3404963585434,88.6356533613445,3125254,0.0219290976029468,0.396128442680179,0
2024-12-22,202452,55,75,60,112,23.0611337535014,26.6869449579832,31.608700280112,44.9510990196078,67.181537815126,85.7979598039216,3125254,0.329317553069287,0.355647892939262,0.30738845546634
2024-12-29,202501,63,93,72,157,23.5019273109244,27.2382457983193,32.4743824929972,41.9720792717087,66.6378387955182,86.1413708683473,3125254,0.329317553069287,0.0551302390141729,0.30738845546634
2025-01-05,202502,45,98,58,242,24.235743837535,27.7565334733894,32.8029422969188,43.9124193277311,67.6507180672269,85.885956162465,3125254,0.329317553069287,0.371255264372112,0.30738845546634
2025-01-12,202503,15,107,33,422,23.3962240196078,25.4385034313725,28.3291345588235,67.1016534313726,83.0823693627451,93.6294720588235,3125254,0.344118910014994,0.354221128906642,0.30738845546634
