"ew_start","ew","sum_of_cases","cases_est_id","cases_est_id_min","cases_est_id_max","mintemp_mean","meantemp_mean","maxtemp_mean","minumid_mean","meanumid_mean","maxumid_mean","pop","inc_level","receptive","transmission"
2017-12-31,201801,56,56,56,56,25.670836076366,26.4863269203424,27.3949967083608,79.4549915898618,85.4180575773535,89.7544500276497,7114598,0.0250163115329917,0.275965978682141,0.0125782229719796
2018-01-07,201802,78,78,78,78,23.3844634628045,24.8385375457538,26.3541803818301,83.3043378782094,89.5656956155365,94.9025947136274,7114598,0.185239137896477,0.286792170126829,0.160362960774453
2018-01-14,201803,61,61,61,61,24.4957208689928,26.0154931007241,28.0579328505595,77.7590011046741,86.2811320730744,93.9000447827518,7114598,0.217340881382195,0.26654225579576,0
2018-01-21,201804,48,48,48,48,23.3427693658108,24.7835491430765,26.2337063857802,84.9550718331139,91.3296304664253,97.0741037254773,7114598,0.168311266497418,0.268265473326813,0
2018-01-28,201805,35,35,35,35,24.7156023699803,25.5412862053983,26.5938117182357,85.2077357057275,91.1742742725477,95.6084541448321,7114598,0,0.261711905577799,0
2018-02-04,201806,60,60,60,60,23.8143515470705,24.8789244147465,26.1389071757736,85.3086064206715,92.7247234048717,97.6707690388413,7114598,0.178324059911748,0.295670535425895,0.0059712439128676
2018-02-11,201807,85,85,85,85,23.2830809743252,24.1267718973009,25.2337063857801,89.4386713113891,92.8638792758394,96.9346538123766,7114598,0.210733902323083,0.288484324764379,0.192324569849203
2018-02-18,201808,59,59,59,59,23.906517445688,24.9398274180382,26.5793285055958,84.2832091869651,92.9832782119816,98.290082883476,7114598,0.155873177936406,0.262065966341317,0
2018-02-25,201809,83,83,83,83,23.5457537853852,25.4814374549045,28.2909809084925,76.6442953844635,90.1337335213956,99.015345638578,7114598,0.184211110733171,0.370807458130452,0
2018-03-04,201810,65,65,65,65,25.0164581961817,25.8122035655036,26.8275181040158,85.2396533482554,91.1625489730086,94.4314081830151,7114598,0.174379353548858,0.276983323583427,0.00303404352571994
2018-03-11,201811,74,74,74,74,24.9901250822909,25.8066452238314,26.9842001316655,86.0871786333114,91.4760023390389,96.8901048946676,7114598,0.175593336404952,0.287697491832989,0.00358966170681745
2018-03-18,201812,82,82,82,82,24.9084924292297,25.6298745635286,26.899275839368,85.0537180105332,91.4766023502304,94.8625574660961,7114598,0.174025573897499,0.296218844690874,0.00268026387436086
2018-03-25,201813,73,73,73,73,23.651086240948,24.5131792297564,25.5826201448321,90.8227492192232,95.8944889249506,99.754385879526,7114598,0.17367179424614,0.324839857431158,0.00268026387436086
2018-04-01,201814,124,124,124,124,24.1849901250823,24.8859322936143,25.734693877551,91.4138269493088,95.3686862001316,98.3555243120474,7114598,0.224429124456505,0.40655508575467,0.0139521586462088
2018-04-04,201815,91,91,91,91,23.2672811059908,24.1125850348914,24.8959842001317,91.6134880427913,95.677878078341,99.6047566300198,7114598,0.178939836094745,0.347768208407559,0.00223399832288486
2018-04-15,201816,157,157,157,157,23.9664252797893,25.1144632514812,26.5938117182357,86.45138480711,93.3239223377222,99.7005088887425,7114598,0.231704166560078,0.328070679467765,0.0472067430935662
2018-04-22,201817,164,164,164,164,24.4483212639895,26.8999466260698,30.9789335088874,66.7008518861093,85.8774540862409,97.2741243818302,7114598,0.217305180138077,0.418605380093155,0.0418456531205277
2018-04-29,201818,171,171,171,171,23.6701777485188,26.2275870750494,30.7425938117182,68.3393815780119,88.0299934331797,98.9244392764976,7114598,0.226197741601142,0.370874362824154,0.17913872294682
2018-05-06,201819,143,143,143,143,23.6030283080975,26.2890555727452,30.9045424621462,66.3031823982884,86.7507769723502,98.986887481896,7114598,0.236841491255022,0.413634614352069,0.0329249804416216
2018-05-13,201820,167,167,167,167,23.9874917709019,27.0040524917709,31.3785385121791,64.1422511026991,84.0914066978275,97.5141105404872,7114598,0.252347778469001,0.35790792396141,0.0313008549464074
2018-05-20,201821,129,129,129,129,24.1869651086241,25.6567222745227,27.5562870309414,80.6363601770902,89.4644206866359,95.6565931731402,7114598,0.238340240727586,0.243536317863638,0.0112353501912547
2018-05-27,201822,80,80,80,80,23.8321263989467,24.6322498597762,25.6247531270573,87.1288042870309,92.7493135385122,97.4382596668861,7114598,0.214842356518246,0.272733188860425,0
2018-06-03,201823,48,48,48,48,24.8900592495063,25.6374361882818,26.4456879526004,85.7776054805794,90.7125488459512,95.238124923634,7114598,0.0465310900208276,0.270650850547002,0
2018-06-10,201824,40,40,40,40,24.0849242922976,24.878589399605,26.1882817643187,82.248917323239,90.3294449644503,94.8719803818302,7114598,0.0465310900208276,0.200875861151958,0
2018-06-17,201825,31,31,31,31,23.5839368005267,24.5563274002634,25.7853851217906,83.1769579289006,90.6015287109941,96.4800998222515,7114598,0.0232655450104138,0.236371331170082,0
2018-06-24,201826,23,23,23,23,23.2817643186306,24.4781077926267,25.9335088874259,81.4821237399605,88.8576438966425,95.3688367399605,7114598,0.0124380885610122,0.20335611372561,0
2018-07-01,201827,18,18,18,18,23.5292955892034,24.6190346063199,25.8117182356813,82.8611952481896,88.996957395655,93.8432229466754,7114598,0,0.176144035123278,0
2018-07-08,201828,20,20,20,20,23.7557603686636,24.6706065062541,25.7709019091508,83.0564796280448,90.20456640553,95.1389540618828,7114598,0.0124380885610122,0.194864418200438,0
2018-07-15,201829,29,29,29,29,23.4035549703752,26.3958118294931,30.2185648452929,61.397676275181,79.4875703522054,93.6276039052008,7114598,0,0.230502130970717,0
2018-07-22,201830,15,15,15,15,24.1171823568137,27.5971077524687,32.1968400263331,56.2691188518763,76.4388243462805,92.8660385424621,7114598,0,0.194433332705516,0
2018-07-29,201831,32,32,32,32,24.3179723502304,27.4790817116524,31.8090849242923,57.0442443258723,76.7817070684661,92.3985005213957,7114598,0.00260309858687729,0.238206571896262,0.00260309858687729
2018-08-05,201832,39,39,39,39,24.4542462146149,27.4943078150099,31.9256089532587,57.4099021270573,76.7490856919025,92.5581041329822,7114598,0.0124380885610122,0.278233148239718,0.0124380885610122
2018-08-12,201833,33,33,33,33,24.0691244239631,25.697776005925,27.6214614878209,74.1724013396971,82.9322846227781,90.3609526958525,7114598,0.01348340412206,0.265932664080247,0.01348340412206
2018-08-19,201834,22,22,22,22,24.0579328505596,25.0186933838051,26.4726793943384,76.321766034233,83.3563172468729,88.9085744450296,7114598,0,0.224736520601726,0
2018-08-26,201835,12,12,12,12,24.0105332455563,25.0551301092824,26.2238314680711,78.1829042225148,85.2662801507571,90.8231393489138,7114598,0,0.196157674685204,0
2018-09-02,201836,20,20,20,20,24.8729427254773,25.7763482593812,26.9993416721527,76.475965646478,83.1409592192232,88.4720263041475,7114598,0.0124380885610122,0.173340644123533,0.0124380885610122
2018-09-09,201837,23,23,23,23,25.009874917709,25.8189324154049,26.9394338380514,75.7191107182357,82.3864163199473,87.3389329532587,7114598,0.0124380885610122,0.192937675466695,0
2018-09-16,201838,24,24,24,24,25.0803159973667,26.1357205628703,27.6431863067807,73.0487683238973,80.9813552725478,86.4235779144174,7114598,0.0124380885610122,0.190334576879818,0
2018-09-23,201839,7,7,7,7,25.5207373271889,26.2671421448321,27.6714944042133,73.0208514746543,80.7120215714285,85.4945089769585,7114598,0,0.159536491028727,0
2018-09-30,201840,14,14,14,14,25.3917050691244,27.0934863048058,29.680710994075,65.9583171270573,77.4708212231731,86.9494397109941,7114598,0,0.168451400908386,0
2018-10-07,201841,19,19,19,19,25.3429888084266,28.5117509005925,33.0967741935484,50.9393863041475,70.9151286510863,85.6968480342331,7114598,0.0124380885610122,0.171243266309635,0
2018-10-14,201842,27,27,27,27,25.267939433838,27.7793585799868,31.4917709019092,58.8971777597104,76.8178705404872,90.061101244898,7114598,0.0124380885610122,0.178422168055033,0.0124380885610122
2018-10-21,201843,17,17,17,17,25.6438446346281,26.5177297886768,27.8433179723502,73.880654162607,81.8643589993417,86.680509873601,7114598,0,0.213985386103333,0
2018-10-28,201844,13,13,13,13,25.7175773535221,26.5575297439105,28.0118499012508,75.071135,81.9144169038841,85.6968762119816,7114598,0,0.177007752229992,0
2018-11-04,201845,32,32,32,32,26.0138248847926,26.684650644503,27.587228439763,76.6023289756419,81.8974358242264,86.2929661066491,7114598,0.0124380885610122,0.245677549174247,0
2018-11-11,201846,13,13,13,13,25.7656352863726,26.6472184470046,27.4298880842659,76.5076071441738,81.6034649012508,85.9774648650428,7114598,0,0.187209312458694,0
2018-11-18,201847,14,14,14,14,25.8564845292956,26.6421800770243,27.5483870967742,78.7176060092166,84.3688028874259,88.4682113377222,7114598,0,0.168451400908386,0
2018-11-25,201848,11,11,11,11,25.2962475312706,26.0394921356155,26.9150757077024,84.2237496899275,89.030533078341,92.7213278229098,7114598,0,0.191193233967682,0
2018-12-02,201849,17,17,17,17,24.1961816984858,25.2911993324556,26.7491770901909,85.3175691632653,91.8783974318631,97.0015976662277,7114598,0,0.220684007726087,0
2018-12-09,201850,11,11,11,11,23.6273864384463,26.6227398169849,30.8716260697827,65.8478824121133,84.956302477946,97.2808360605661,7114598,0,0.205461503236023,0
2018-12-16,201851,10,10,10,10,24.339038841343,27.3516739967084,31.2672811059908,63.429540761027,81.9293127867017,95.8301057432522,7114598,0,0.204537487571329,0
2018-12-23,201852,15,15,15,15,23.6227781435155,25.5737120111915,28.2317314022383,76.0149250875576,88.4325499394338,96.2468431073074,7114598,0,0.226129993570965,0
2018-12-30,201901,50,50,50,50,25.2442396313364,26.0082844509546,27.0375246872943,83.0241749789335,88.2641357847268,92.6836412574062,7114598,0.0248761771220243,0.240454625827067,0.0124380885610122
2019-01-06,201902,64,64,64,64,23.3324555628703,24.5106766497696,25.9400921658986,84.7895896497696,92.839631839368,97.804802837393,7114598,0.0248761771220243,0.259854316435026,0.0124380885610122
2019-01-13,201903,100,100,100,100,23.49637919684,25.778787036208,29.0164581961817,74.8986132797893,89.658374198815,100.032235737327,7114598,0.0248761771220243,0.267717585730072,0.0124380885610122
2019-01-20,201904,110,110,110,110,24.5161290322581,27.273671921659,31.0078999341672,66.9394904002633,83.7463249591837,96.1462651026991,7114598,0.19332757803041,0.268100601045906,0.168451400908386
2019-01-27,201905,70,70,70,70,24.0875576036866,27.1324820533246,31.6859776168532,64.7851922179065,84.75056779921,98.4322964601711,7114598,0.0272712527116782,0.272151146136437,0.00239507558965384
2019-02-03,201906,83,83,83,83,24.1770901909151,26.0541932876893,29.2021066491113,77.070947445688,91.4198889631337,99.3423434832126,7114598,0.0317680633536849,0.313304138898642,0.00675175182069317
2019-02-10,201907,162,162,162,162,24.5608953258723,25.4903194588545,26.4213298222515,90.1670050111916,94.9158669973667,99.2954669644502,7114598,0.068155923918681,0.367022845141778,0.0210834118807556
2019-02-17,201908,144,144,144,144,24.017116524029,24.9681811145491,25.7393021724819,91.6052339526004,95.3995216115866,98.4019863791968,7114598,0.0627952556138801,0.414336973079856,0.0052708529701889
2019-02-24,201909,153,153,153,153,23.786043449638,24.6760091744569,25.5951283739302,90.8570302198815,94.9741963495721,98.6838098452929,7114598,0.245564963754804,0.363308791304864,0.0234929647465675
2019-03-03,201910,174,174,174,174,23.7393021724819,24.3201234061883,25.3462804476629,91.9846317379855,96.6326673159974,99.6474156129032,7114598,0.228307628906089,0.407858602833217,0.00247308421361263
2019-03-10,201911,222,222,222,222,24.046741277156,24.9777312165899,25.9170506912442,89.6879616721527,94.6058654944043,98.6532658966425,7114598,0.273324367729561,0.471987032858357,0.0282550047100342
2019-03-17,201912,249,249,249,249,24.4384463462805,25.2684357715603,26.4851876234365,89.8011475615536,94.9529739934167,98.4702984213298,7114598,0.344447008812023,0.484881928676785,0.0445635860241155
2019-03-24,201913,250,250,250,250,24.282422646478,24.9689295483871,25.6306780776827,92.3108191790652,96.0678951751152,99.6233722580645,7114598,0.359654614357691,0.511693000785146,0.0234949325316764
2019-03-31,201914,305,305,305,305,23.9348255431205,24.617453568137,25.5227123107307,93.0319273436471,97.404027875576,100.49254282686,7114598,0.382598426502805,0.573436896926573,0.0644718085266378
2019-04-07,201915,313,313,313,313,24.6853192890059,25.5458746017116,26.8387096774194,87.3202123818302,93.7025497445688,98.2661303870968,7114598,0.364399787591653,0.486326564058855,0.174056636791003
2019-04-14,201916,290,290,290,290,24.3482554312047,25.2345554516129,26.4331797235023,90.5424524502962,95.5925569170507,99.5906864226465,7114598,0.336871598367188,0.502289939642408,0.180628476830314
2019-04-21,201917,310,310,310,310,24.8183015141541,25.6501008235682,27.0618828176432,88.6563464200132,94.8069240408163,99.2679027755102,7114598,0.343015023477082,0.54166307077364,0.0469010336212953
2019-04-28,201918,275,275,275,275,24.5023041474655,25.8032054470046,27.1658986175115,86.4267314410797,93.4223779842002,99.3893165174457,7114598,0.467237642942019,0.518532881267501,0.00584418121726625
2019-05-05,201919,314,314,314,314,24.7208689927584,25.6991352100066,26.8926925608954,88.6360369861751,94.2180417978933,98.9031647037525,7114598,0.467105801339724,0.459572276606493,0.0115324857426941
2019-05-12,201920,288,288,288,288,24.5319289005925,25.4138273436471,26.4799210006583,89.247550871626,94.2212284549045,98.0526213791968,7114598,0.453464271628559,0.446554253662681,0.00948402144435989
2019-05-19,201921,324,324,324,324,24.4628044766294,25.3653690862409,26.4344963791968,89.9755363285056,94.3424086603028,97.5065038525345,7114598,0.49631714961267,0.446364362399675,0.0327679793011496
2019-05-26,201922,282,282,282,282,24.6589861751152,25.3811776287031,26.395655036208,90.1692983706386,94.4761508617511,98.6991150105332,7114598,0.296608606698509,0.447219927253796,0.0202724033037425
2019-06-02,201923,252,252,252,252,24.653719552337,25.377828801185,26.3140223831468,88.583812473996,93.9926063745885,97.9687694555629,7114598,0.205225369022958,0.409358055086176,0.00992016695813312
2019-06-09,201924,197,197,197,197,24.3594470046083,25.2749135023042,26.4792626728111,85.4112777202106,92.242584128374,98.1499803383805,7114598,0.254440939600523,0.316227283677869,0.00255249839836348
2019-06-16,201925,157,157,157,157,23.9960500329164,24.9539260315997,26.1632653061224,87.6850759921001,92.693212044108,98.2105907307439,7114598,0.184671572448647,0.305585361253018,0.00699913052009404
2019-06-23,201926,164,164,164,164,24.1895984200131,24.9599217432522,25.8459512837393,86.7276469828835,91.8311336352864,95.6794685016458,7114598,0.23992543218886,0.294668651693321,0.00699913052009404
2019-06-30,201927,136,136,136,136,24.4502962475313,25.3383095227123,26.6550362080316,82.4464482909809,89.095383156682,93.6101703015141,7114598,0.242026464460817,0.319538925460019,0
2019-07-07,201928,128,128,128,128,23.7992100065833,24.7842950559579,25.9835418038183,85.2282866886109,91.0273107116524,94.7540846925609,7114598,0.176627126367505,0.269393998086751,0.0124380885610122
2019-07-14,201929,105,105,105,105,23.550362080316,24.6058594088216,25.734693877551,83.6310384233048,90.7629158176432,96.6724361487821,7114598,0.175968761692509,0.323786811285754,0
2019-07-21,201930,75,75,75,75,23.6260697827518,24.7273663364055,25.7583936800527,83.6461268077683,89.4453256761027,99.0273885108622,7114598,0.179924571985655,0.238833452009516,0
2019-07-28,201931,65,65,65,65,24.1435154707044,25.1123704957209,26.238314680711,82.2704846642528,88.6762796214615,93.1237587794601,7114598,0.155873177936406,0.250500168807851,0
2019-08-04,201932,96,96,96,96,24.2350230414747,25.3156256504279,26.6050032916392,77.5130176036867,84.591504395655,90.069109552337,7114598,0.171522129570778,0.208492173415842,0.00255249839836348
2019-08-11,201933,64,64,64,64,24.2988808426596,25.2644885661619,26.5187623436471,77.9529049223173,84.7161305839368,91.0365125437788,7114598,0.171522129570778,0.173005136762471,0
2019-08-18,201934,56,56,56,56,24.191573403555,25.2095702343647,26.5529953917051,77.7034195885451,85.454131753127,91.2079352297564,7114598,0.159307806287861,0.172801471003703,0.00171731417572715
2019-08-25,201935,71,71,71,71,24.87952600395,25.7034083640553,27.017116524029,75.6181598057933,82.472554032258,88.3350445931534,7114598,0.159307806287861,0.210846487742526,0.00171731417572715
2019-09-01,201936,43,43,43,43,25.2975641869651,26.1043409776169,27.3324555628703,75.7467136188282,82.6990653311389,88.2353734384464,7114598,0.170028580673146,0.194034715664891,0
2019-09-08,201937,46,46,46,46,25.0375246872943,26.0359015385121,27.2817643186307,74.1074767439105,81.8002898551679,87.73541639368,7114598,0.00171731417572715,0.208113655894542,0
2019-09-15,201938,57,57,57,57,25.2988808426597,26.1367093080975,27.3350888742594,74.6786792574062,81.7306230631995,87.001685849243,7114598,0.159307806287861,0.220464880798606,0
2019-09-22,201939,26,26,26,26,25.4726793943384,26.1987787886768,27.3568136932192,74.7741189591837,81.7240121863068,87.5167102337064,7114598,0,0.176605199619149,0
2019-09-29,201940,34,34,34,34,25.2679394338381,25.9416309835418,27.1237656352864,77.5489007524687,83.5987608768927,89.2443742942725,7114598,0.00268026387436086,0.262384747528954,0.00268026387436086
2019-10-06,201941,44,44,44,44,24.8999341672152,26.1056861026991,27.3015141540487,74.0607174522712,81.599970118499,87.5719915009875,7114598,0.158553441810767,0.200816687042613,0
2019-10-13,201942,32,32,32,32,25.6701777485188,26.4286953364056,27.6734693877551,75.5337054851876,81.8320129934167,85.7047481000659,7114598,0.00268026387436086,0.176979359901993,0
2019-10-20,201943,40,40,40,40,24.9980250164582,26.1223232936142,27.5391705069124,78.0771832692561,85.6297258176432,91.5404564252798,7114598,0.00536052774872171,0.229078016776211,0.00268026387436086
2019-10-27,201944,41,41,41,41,25.2620144832126,26.3782877333772,27.6596445029625,73.6626184726794,81.7021790868992,88.3873058150099,7114598,0.00536052774872171,0.162217457683484,0.00268026387436086
2019-11-03,201945,26,26,26,26,25.5648452929559,26.4567657551021,27.4437129690586,77.1848684845293,83.4332710526663,87.8751977004608,7114598,0,0.183812212580388,0
2019-11-10,201946,49,49,49,49,25.7241606319947,26.5246441105991,27.4812376563529,76.3909184186965,83.2676692501646,88.7163562337064,7114598,0.0177986163097339,0.203868018966075,0
2019-11-17,201947,25,25,25,25,25.2817643186307,26.3090709572087,28.2027649769585,75.9530486905859,85.4379030322581,90.8522042574062,7114598,0,0.252123872634828,0
2019-11-24,201948,20,20,20,20,25.8268597761685,26.6463237518104,27.4542462146148,79.9014220013167,85.1271922356814,89.1715833640553,7114598,0.0124380885610122,0.166243405460154,0
2019-12-01,201949,26,26,26,26,25.852534562212,26.5795170513496,27.5747202106649,79.2823437195523,84.3273077063858,88.1678401830151,7114598,0,0.184618863918945,0
2019-12-08,201950,24,24,24,24,25.6431863067808,26.4509657860434,27.3581303489138,80.2926638235682,85.1860091079658,90.0364340829493,7114598,0.00177761273370611,0.190522922025953,0
2019-12-15,201951,13,13,13,13,26.1342988808427,26.892333518104,27.7669519420672,78.8068535398288,85.3244619795918,92.5209404173799,7114598,0,0.159606066287934,0
2019-12-22,201952,17,17,17,17,26.4265964450296,27.2773515799868,28.1165240289664,78.118837755102,83.2133380724161,88.5836812040817,7114598,0,0.176305674614363,0
2019-12-29,202001,31,31,31,31,25.1881720430108,26.8027214308756,29.4254992319509,74.5563785399385,87.5991704231951,95.9219973786482,7114598,0.0124380885610122,0.176823623766234,0.0124380885610122
2020-01-05,202002,59,59,59,59,24.3482554312048,26.5385556576695,29.9045424621462,71.2025933219223,88.1230710506913,97.5335433120474,7114598,0.0130964532360086,0.269025460047075,0.0130964532360086
2020-01-12,202003,148,148,148,148,24.1764318630678,26.9188191869651,30.8716260697828,67.6125059111258,86.3448800052666,98.474604437788,7114598,0.197327101264189,0.307569872535314,0.184230648028181
2020-01-19,202004,156,156,156,156,24.606978275181,26.999482399605,30.1408821593153,71.1670900447663,86.6662285786702,96.6752755490454,7114598,0.220341332004985,0.336235019884469,0.19198386191321
2020-01-26,202005,185,185,185,185,24.1606319947334,26.8619307695852,31.2251481237657,67.7385570855827,88.0269277261356,98.7259850592495,7114598,0.219953818894616,0.349607665816115,0.158580006909737
2020-02-02,202006,185,185,185,185,24.0921658986175,25.8373123640553,28.0776826859776,79.2778361579987,90.2546502541145,97.4994552211981,7114598,0.219494762739933,0.347755417804351,0.17804083941215
2020-02-09,202007,305,305,305,305,24.5655036208032,25.5329932165899,26.5720868992759,90.2499988229098,94.0606251698486,98.1692431514154,7114598,0.399749219843482,0.338277159159239,0.175020710938271
2020-02-16,202008,252,252,252,252,24.2685977616853,24.9474767939434,26.0681369321922,90.5134758360764,95.8731016971692,99.3364383986175,7114598,0.386953416060893,0.358541269654308,0.0219748185350739
2020-02-23,202009,183,183,183,183,NA,25.9932441554818,27.7880398671097,84.7835778006645,93.0170072385382,99.3280466522383,7114598,0.215822313502464,0.360509195319258,0.00859556646770485
2020-03-01,202010,203,203,203,203,24.1856484529295,25.5467474364714,27.2396313364055,86.3850029888084,94.1426428768927,98.9537840171165,7114598,0.225096765832729,0.372409235209073,0
2020-03-08,202011,155,155,155,155,24.2685977616853,25.1153193443055,26.2172481895984,91.7147027781435,95.7691292521395,98.9329743350888,7114598,0.191178756691524,0.338744508122595,0.00268026387436086
2020-03-15,202012,86,86,86,86,23.9960500329164,25.570769112574,27.7801184990125,83.0760724614878,93.7266189651086,99.5320367867018,7114598,0.184501499592809,0.329769440241037,0
2020-03-22,202013,74,74,74,74,24.2633311389072,27.1252014621461,30.7972350230414,68.3548564022383,86.4674301632653,99.0046445292955,7114598,0.161332516608809,0.296873836019969,0.00275250969907225
2020-03-29,202014,102,102,102,102,24.4924292297564,27.0530183403555,31.5589203423305,67.979635955892,88.5563081217906,99.2948248966425,7114598,0.211610550589085,0.353731581179991,0.0395014588315461
2020-04-05,202015,83,83,83,83,24.9519420671494,27.5199362132982,31.8736010533245,67.0579905260039,88.4357744338381,99.2515893541804,7114598,0.173315344029276,0.306015462855386,0
2020-04-12,202016,105,105,105,105,23.9934167215273,26.1527553377222,29.7682685977617,73.803022527979,91.1296069137591,99.9558286932192,7114598,0.205168303254801,0.317430724828023,0.00120625227173763
2020-04-19,202017,100,100,100,100,24.0039499670836,26.4985102574062,29.9045424621461,71.3991922574062,89.9137173410138,99.5013301461488,7114598,0.187267924343723,0.314406098559609,0.0107279427453245
2020-04-26,202018,66,66,66,66,23.9828834759711,26.5596856991442,30.604344963792,69.1505212132983,89.502432929559,99.3238729400922,7114598,0.0217313754058908,0.256793286142098,0.00965943543120778
2020-05-03,202019,69,69,69,69,25.3548387096774,28.2003822416063,32.5227123107308,61.030993281106,83.5381344917709,97.4709337919684,7114598,0.031637205643945,0.206962782718012,0.0169621670823847
2020-05-10,202020,61,61,61,61,24.7570770243581,27.6907858367347,31.9150757077024,62.6444139328506,84.0468906899276,97.0252793917051,7114598,0.0205251231341532,0.193037048614693,0.00965943543120778
2020-05-17,202021,51,51,51,51,24.9038841342989,27.5147274265965,31.7491770901909,64.2721144055299,85.7808238018433,97.3762542508229,7114598,0.0205251231341532,0.249661470683235,0
2020-05-24,202022,35,35,35,35,24.449637919684,27.4932946076366,31.6774193548387,63.3275109150757,84.4364539585254,98.2275216668861,7114598,0.0231428395532678,0.200448008446858,0
2020-05-31,202023,28,28,28,28,24.9703752468729,27.6007846221198,31.6227781435154,62.3519808367347,84.2574929354839,97.3145052521396,7114598,0,0.207062858646406,0
2020-06-07,202024,32,32,32,32,24.7057274522713,27.417911682686,31.87228439763,60.0349928341014,82.8203196965109,96.6828227083607,7114598,0.02696680824412,0.209267480748737,0.01348340412206
2020-06-14,202025,53,53,53,53,24.5029624753127,27.5252594075049,31.7011191573403,58.0593919144174,79.7841296635945,95.1713860013166,7114598,0.0391088857023264,0.215804743992563,0.0183420061119405
2020-06-21,202026,43,43,43,43,23.9953917050691,27.227540242923,31.2093482554312,59.2742978275181,79.8103629019092,95.433871164582,7114598,0.0232006081018211,0.184087983607788,0.00485860198988052
2020-06-28,202027,45,45,45,45,24.3028308097433,27.6429438248848,31.8604344963792,58.8923076879526,80.7498601889401,95.9135220394997,7114598,0.0232006081018211,0.209767719834627,0
2020-07-05,202028,26,26,26,26,24.5148123765635,27.261738722844,30.899275839368,61.2077917537854,80.3913352198815,94.8413023831468,7114598,0,0.216225147225465,0
2020-07-12,202029,28,28,28,28,24.1263989466754,27.750573686636,32.0230414746544,55.7478077564187,77.2185053811718,95.7406853791968,7114598,0.02696680824412,0.194749443327648,0
2020-07-19,202030,30,30,30,30,24.5806451612903,28.211699835418,31.9157340355497,53.6674232356813,72.7568478420013,90.456047198815,7114598,0.0232006081018211,0.167957486846059,0
2020-07-26,202031,19,19,19,19,23.6208031599737,28.093704833443,32.5832784726794,47.2461622712311,71.1281184009217,93.2597509387755,7114598,0.00485860198988052,0.158504387739125,0
2020-08-02,202032,14,14,14,14,24.3923633969717,27.8108435845952,31.8940092165899,51.4742225187623,72.4333051369322,88.6344067142857,7114598,0.00477089499645658,0.170588696648778,0
2020-08-09,202033,19,19,19,19,24.2192231731403,28.1687654904543,32.2488479262673,52.7266706247531,72.4502280408163,90.7386257175773,7114598,0,0.163681068136246,0
2020-08-16,202034,13,13,13,13,24.5220539828834,28.2584701487821,32.7669519420671,50.4504899545754,71.1546023791969,88.3784625279789,7114598,0,0.173714804406377,0
2020-08-23,202035,19,19,19,19,24.8202764976958,27.8177629901251,31.8689927583937,57.2135001375905,76.1424317037525,92.3737356840026,7114598,0,0.214341555208038,0
2020-08-30,202036,16,16,16,16,24.8071099407505,28.4332136853193,33.0513495720869,48.6942922955892,70.4427313337722,87.6152371652403,7114598,0,0.168451400908386,0
2020-09-06,202037,13,13,13,13,25.3647136273865,28.73615759447,33.1869651086241,51.8414458663594,69.8095097281106,85.1079772422647,7114598,0,0.165532613367614,0
2020-09-13,202038,8,8,8,8,25.3166556945359,28.7215193317972,33.2198815009875,50.3514413206056,69.3370463449638,89.9873535569454,7114598,0,0.179583161269266,0
2020-09-20,202039,11,11,11,11,25.570111915734,28.3768015273206,32.036866359447,56.7241120552995,72.3110853410138,85.5934789131007,7114598,0,0.155873177936406,0
2020-09-27,202040,13,13,13,13,25.5378538512179,28.2046161764319,31.8999341672153,58.2709676333114,74.2951884213298,87.9220244588545,7114598,0,0.158504387739125,0
2020-10-04,202041,11,11,11,11,25.8031599736669,28.6328173620803,32.5167873601053,53.8262894851877,71.1438877755102,85.6999154911126,7114598,0,0.155873177936406,0
2020-10-11,202042,6,6,6,6,25.513495720869,28.2007728709678,32.37590520079,55.4499423633969,73.7560561066491,87.2017104246214,7114598,0,0.161256194657801,0
2020-10-18,202043,2,2,2,2,25.9842001316655,28.8010253489138,32.5464121132324,55.96197920869,72.2134802824227,85.2135171639236,7114598,0,0.155873177936406,0
2020-10-25,202044,7,7,7,7,25.8393680052666,28.7647290493746,32.5069124423963,56.9926615371955,74.2606941191573,88.1762451402238,7114598,0,0.170602049476302,0
2020-11-01,202045,9,9,9,9,25.4818959842002,28.003078761027,31.6866359447005,61.3938296635945,79.023435156682,91.8907253528638,7114598,0,0.169356582058466,0
2020-11-08,202046,1,1,1,1,26.2712310730744,28.6730321053324,31.8097432521396,61.7651295503621,77.2466625391705,90.0579753219223,7114598,0,0.01348340412206,0
2020-11-15,202047,11,11,11,11,25.8973008558262,28.3709242429229,31.8406846609612,61.4232677524687,77.1831228729427,89.8983498400263,7114598,0,0.181563596425265,0
2020-11-22,202048,10,10,10,10,25.6748409041036,27.828672609063,30.70320386219,65.6509586777485,80.4880964354839,92.7149525611697,7114598,0,0.173026922954747,0
2020-11-29,202049,5,5,5,5,NA,NA,NA,NA,NA,93.6892922355717,7114598,0,0.17913872294682,0
2020-12-06,202050,1,1,1,1,NA,NA,NA,NA,NA,94.6636319099736,7114598,0,0.0024248734784453,0
2020-12-13,202051,7,7,7,7,NA,NA,NA,NA,NA,95.6379715843757,7114598,0,0.160644072932863,0
2020-12-20,202052,14,14,14,14,NA,NA,NA,NA,NA,96.6123112587777,7114598,0,0.196451015222504,0
2020-12-27,202053,7,7,7,7,24.9516129032258,27.5176381658986,31.3248847926267,66.5090343041475,83.9161213133641,97.5866509331797,7114598,0,0.219031068234635,0
2021-01-03,202101,46,46,46,46,25.1481237656353,27.9479760520079,31.7333772218565,61.8757809493087,79.5881897577353,92.3071517867018,7114598,0.0124380885610122,0.214283786659485,0.0124380885610122
2021-01-10,202102,73,73,73,73,25.5003291639236,27.8214851316656,31.3844634628044,61.8528810539829,79.4135879407505,90.6623737656353,7114598,0.0383595812440843,0.247811893236976,0.0259214926830722
2021-01-17,202103,77,77,77,77,23.7781435154707,26.3902651514154,30.0980908492429,69.6075830006584,86.2436413317973,97.0456200961159,7114598,0.0259214926830722,0.296411968743701,0.0124380885610122
2021-01-24,202104,68,68,68,68,24.1342988808427,26.9900049190257,31.0039499670836,67.8087162422647,85.3143818637261,97.1165719289006,7114598,0.0250163115329917,0.271113701715824,0.0125782229719796
2021-01-31,202105,71,71,71,71,24.9795918367347,28.0063894233048,31.6629361421988,63.0116524970375,80.5082726181699,95.3052675444371,7114598,0.0250163115329917,0.215715209770109,0.0125782229719796
2021-02-07,202106,53,53,53,53,25.2402896642528,27.5520477175774,30.7083607636603,71.3930896714944,86.5420422547729,97.043672755102,7114598,0.0124380885610122,0.264437287953585,0
2021-02-14,202107,75,75,75,75,24.348913759052,25.9949620144832,28.7142857142857,78.5643298742594,91.870781114549,98.1571053186307,7114598,0.0248761771220243,0.244023063565925,0
2021-02-21,202108,55,55,55,55,24.1672152732061,26.0299676471363,29.0552995391705,78.1086114851876,91.493970931534,98.9478788584595,7114598,0.0124380885610122,0.283822501285385,0
2021-02-28,202109,52,52,52,52,24.0618828176432,25.8869818663595,28.8762343647136,76.5954942527979,91.7339142383147,99.5895727768269,7114598,0.0259214926830722,0.29518688195735,0
2021-03-07,202110,54,54,54,54,24.1955233706386,26.8929138933509,30.3443054641211,71.0313078446346,88.2769138551679,99.2790981382489,7114598,0.0250163115329917,0.282021415686452,0
2021-03-14,202111,46,46,46,46,23.724818959842,25.6391388880842,28.7649769585254,78.8461482100066,92.4221267419354,98.8079701876234,7114598,0.0132305437355702,0.0858815916233075,0.000792455174558
2021-03-21,202112,31,31,31,31,23.3712969058591,25.8950126491113,29.7063857801185,72.4128546958525,90.5534369526004,99.4918176398947,7114598,0.0132305437355702,0.254526116584521,0
2021-03-28,202113,34,34,34,34,24.456879526004,27.3845527630019,31.1836734693878,67.4579714279131,86.1695624542462,99.4764570684661,7114598,0.0132305437355702,0.252872193200515,0
2021-04-04,202114,37,37,37,37,24.8064516129032,28.0241925148124,32.8926925608953,58.0334819835418,82.592682315339,98.6973637491771,7114598,0.0133706781465376,0.260526033937546,0
2021-04-11,202115,30,30,30,30,24.8861092824227,27.7839943719552,31.7504937458854,64.9359541948651,85.2360933824885,98.1995714851876,7114598,0.0124380885610122,0.268756154599318,0
2021-04-18,202116,34,34,34,34,NA,25.9693038689859,29.0621761658031,77.3354772716506,92.5822191754256,99.4495219782752,7114598,0.0140229989101282,0.0410345039874354,0
2021-04-25,202117,45,45,45,45,NA,26.9098156794967,30.8660251665433,68.7963600784604,88.2785361458179,99.5173779986833,7114598,0.0140229989101282,0.262436472166101,0.000792455174558
2021-05-02,202118,48,48,48,48,NA,26.5236810370096,30.8297557364915,66.8328800606958,88.4605140140637,99.3880037142857,7114598,0.0132305437355702,0.270617960424468,0
2021-05-09,202119,44,44,44,44,NA,27.5654300569948,31.80014803849,55.7182246143597,79.1181665965952,93.5782440994075,7114598,0.0367916781805522,0.257396412277967,0.0117753666475604
2021-05-16,202120,47,47,47,47,NA,28.0873852834937,32.1857883049593,56.6409173952628,77.7536148830496,92.169041317314,7114598,0.0184155169413648,0.259694223060811,0.00597742838035262
2021-05-23,202121,29,29,29,29,NA,28.8844848490007,33.1332346410067,48.2638215336788,72.3152528371577,91.6925979275839,7114598,0,0.255280902729852,0
2021-05-30,202122,24,24,24,24,NA,28.033023319023,32.3049592894152,55.8947845358994,76.8069372102147,90.9924603923634,7114598,0.00310867880377781,0.194015037813802,0
2021-06-06,202123,32,32,32,32,NA,27.0321221650629,30.3005181347151,64.9044964574389,81.6872015440414,93.1137455971034,7114598,0,0.255596310571588,0
2021-06-13,202124,31,31,31,31,NA,26.8152966513694,29.7231680236862,68.2431463774982,81.763384865285,92.4753675339039,7114598,0.00310867880377781,0.20215028312211,0
2021-06-20,202125,20,20,20,20,24.6161948650428,27.7024779591837,32.1119157340356,54.3052232725477,75.676915670836,91.9550491507571,7114598,0,0.234845173262073,0
2021-06-27,202126,22,22,22,22,23.6129032258065,27.2132234167216,31.87952600395,54.4033168288348,76.2071688880843,91.6505298920343,7114598,0,0.245724354348622,0
2021-07-04,202127,22,22,22,22,24.4891375905201,27.4652435128374,31.4845292955892,55.3016258110599,76.8966911928901,91.1433741487821,7114598,0,0.178494835547982,0
2021-07-11,202128,21,21,21,21,24.8801843317973,27.9666707103357,32.2172481895984,52.0679919921,73.8090668900592,89.0133862567479,7114598,0.01323588486658,0.171003899306749,0.000797796305567792
2021-07-18,202129,13,13,13,13,24.736142198815,27.8312937747202,31.9605003291639,54.5453957298222,75.0422535943384,89.5743874298881,7114598,0,0.171003899306749,0
2021-07-25,202130,18,18,18,18,24.5260039499671,27.5906674081633,31.7748518762344,54.8784026504279,75.378644566162,89.6244104292297,7114598,0,0.173037183548529,0
2021-08-01,202131,14,14,14,14,23.99275839368,27.5226736379197,32.1869651086241,49.4487250480579,72.0411649552337,90.0414758610928,7114598,0,0.157877226513712,0
2021-08-08,202132,13,13,13,13,25.1217906517446,28.3483227011192,32.5938117182357,51.7734809420671,71.4459537669519,86.3062709315339,7114598,0,0.212290139232041,0
2021-08-15,202133,19,19,19,19,24.5701119157341,28.0382388064516,32.1599736668861,50.6849389163924,70.9670610177749,87.9597074976959,7114598,0,0.185983804004105,0
2021-08-22,202134,10,10,10,10,25.6833443054641,28.6381135424621,32.533245556287,53.4058454463463,70.2958577636603,83.7318666537195,7114598,0,0.193909901866557,0
2021-08-29,202135,15,15,15,15,26.0786043449638,28.4827726884793,32.2006583278473,53.0524795565503,69.5220874053983,81.5675336745227,7114598,0,0.168739821982915,0
2021-09-05,202136,17,17,17,17,25.8683344305464,28.5402017300856,32.3127057274522,53.7724299203424,69.9284272185648,82.7647935931534,7114598,0,0.176358804812303,0
2021-09-12,202137,16,16,16,16,NA,28.7782766276832,32.6957809030348,50.4294692390822,68.972257253886,84.4969528947992,7114598,0,0.157079430208144,0
2021-09-19,202138,20,20,20,20,NA,28.8682090851221,32.9289415247964,49.1721027549963,67.6507002783124,83.6299451424621,7114598,0,0.191621086672782,0
2021-09-26,202139,11,11,11,11,NA,28.6022719777942,32.5048112509252,54.2522926328646,71.6243114078461,85.9135283098091,7114598,0,0.157904634949157,0
2021-10-03,202140,11,11,11,11,NA,28.9964904974093,32.8075499629903,51.8483767609179,69.6607821258327,85.9976370163265,7114598,0,0.19102020943418,0
2021-10-10,202141,18,18,18,18,26.0670177748519,29.1387947564187,33.2643844634628,52.4851447278472,69.7623710154048,84.0413253739302,7114598,0,0.183141057302183,0
2021-10-17,202142,3,3,3,3,26.3482554312047,28.5695750552995,31.7504937458855,58.0886314404214,74.2539028156682,85.4855481961817,7114598,0,0.0364513919127968,0
2021-10-24,202143,10,10,10,10,26.1527320605662,28.8326420177749,32.5595786701777,57.3399204621461,75.7326741494404,89.7937337116524,7114598,0,0.00375875067010111,0
2021-10-31,202144,18,18,18,18,26.1198156682028,28.6701060895326,32.3074391046741,57.4488446036866,76.6180397458854,90.9507709466755,7114598,0,0.166443135648704,0
2021-11-07,202145,12,12,12,12,25.6616194865043,28.359168235023,31.8150098749177,57.2717084983542,78.1537696300197,92.0258044246215,7114598,0,0.201321002254801,0
2021-11-14,202146,23,23,23,23,25.6300197498354,28.7000670618828,32.4101382488479,59.3377249914417,77.5674859427254,93.1112186866359,7114598,0.003019004025245,0.23384680343148,0.003019004025245
2021-11-21,202147,21,21,21,21,25.9256089532587,28.6227651961817,31.8782093482555,61.1160788953259,78.3046244002633,91.8465499012508,7114598,0.003019004025245,0.207925591860566,0
2021-11-28,202148,23,23,23,23,26.4579767390827,28.9745896372614,32.6800526662278,57.9917109776169,77.2841505903006,91.5558892468729,7114598,0,0.173485557441193,0
2021-12-05,202149,41,41,41,41,26.6606319947334,28.8893961461488,32.4348255431205,59.1296813403555,77.7246621895984,90.3875595253456,7114598,0.0122273949982838,0.237920259162921,0.00323096259268619
2021-12-12,202150,30,30,30,30,26.6642527978934,29.1324359400922,32.4285714285714,58.4387759065175,75.9583573561553,89.103377479921,7114598,0.00437607296996963,0.0980734259335524,0.00218803648498482
2021-12-19,202151,12,12,12,12,26.6076366030283,28.8523221105991,31.8775510204082,59.6154115971034,76.2032721435155,88.1807764489796,7114598,0.00104292610770138,0.184351245144139,0
2021-12-26,202152,23,23,23,23,25.1803818301514,27.3717943627387,30.3265306122449,69.7331711303489,85.6256182824226,97.1943869354839,7114598,0,0.274899158040974,0
2022-01-02,202201,58,58,58,58,24.6872942725477,26.8914900434496,30.6221198156682,69.2135741441738,88.4227858308097,98.944724516129,7114598,0.00104292610770138,0.368659901796279,0
2022-01-09,202202,143,143,143,143,24.0118499012508,26.7754455839368,31.1626069782752,65.0050195615537,88.3864215398288,99.7589579855168,7114598,0.104539146133063,0.418247102647261,0.0519458724161225
2022-01-16,202203,79,79,79,79,24.7636603028308,27.591238558262,31.5016458196182,65.7280211461488,85.7322572653061,98.1885598650428,7114598,0.0693834001583786,0.389578300840047,0.0222861502505131
2022-01-23,202204,68,68,68,68,24.24818959842,26.6969560388413,29.8420013166557,71.0090785062541,88.1288525971034,98.5063012376563,7114598,0.0342418503476936,0.391228148097756,0.015899844235753
2022-01-30,202205,88,88,88,88,25.211323238973,27.9476156175115,31.5227123107308,65.307524088216,84.7555749486504,98.4211264200132,7114598,0.042250314072559,0.347765537842054,0.003019004025245
2022-02-06,202206,134,134,134,134,25.2778143515471,27.4714492053983,30.621461487821,71.9916779170507,88.2368381125741,97.9007397485188,7114598,0.084572592857671,0.422484868435293,0.0244181048598951
2022-02-13,202207,149,149,149,149,24.5786701777485,27.1528207162607,30.1198156682027,70.6674426596445,88.6631358979592,97.7195715009875,7114598,0.196572455674938,0.430525519502297,0.160468096721698
2022-02-20,202208,143,143,143,143,25.2646477946017,28.1301127485188,32.0691244239631,59.0754220579328,83.1011856036866,99.0344014812377,7114598,0.251200700306609,0.395814914630454,0.159237949916496
2022-02-27,202209,241,241,241,241,24.1560236998025,26.7312659809085,30.7261356155365,70.4013882462146,90.137761152732,99.3570747333772,7114598,0.301628567067317,0.446958633502553,0.0446718142051034
2022-03-06,202210,306,306,306,306,23.7952600394997,26.3979286662278,30.6754443712969,74.0047284825543,91.0326188762344,99.5708644107966,7114598,0.334633664474086,0.492550246689975,0.052796939475709
2022-03-13,202211,307,307,307,307,24.2758393680053,26.2529418538512,29.9308755760369,75.4528932764977,91.487341678736,99.2809753146807,7114598,0.366182741456369,0.489199249205647,0.0704967448617617
2022-03-20,202212,337,337,337,337,24.4845292955892,27.0791924963792,31.1224489795919,69.4403631356156,89.5637915358788,98.3125538847926,7114598,0.386286055796828,0.502309336381339,0.0336477198008939
2022-03-27,202213,361,361,361,361,24.8485845951284,27.2275252922975,31.5944700460829,67.3602075036208,88.3806080414746,95.7483019282423,7114598,0.36852707630143,0.501908751555604,0.171773022172159
2022-04-03,202214,357,357,357,357,25.0770243581303,26.9512370157998,30.422646477946,73.3577641612903,89.9840483245556,94.9459603475971,7114598,0.393832933357584,0.53288984142182,0.16121922840897
2022-04-10,202215,283,283,283,283,24.9763001974984,27.7704939420671,31.3917050691244,67.560259564187,86.7212101119157,94.8887386537196,7114598,0.390331681424586,0.467733946457692,0.00177761273370611
2022-04-17,202216,354,354,354,354,24.6912442396313,27.3739993383805,31.2672811059908,67.8802538268597,88.1010934344963,94.965603674786,7114598,0.591259548325851,0.557356297572962,0.222706750261926
2022-04-24,202217,489,489,489,489,24.5556287030942,27.4723195292956,31.9203423304806,63.3433519387755,86.0731918025016,94.6793854542463,7114598,0.638783385934103,0.572413367557802,0.241752942330684
2022-05-01,202218,532,532,532,532,24.9335088874259,27.1768217695852,31.3607636603028,67.5009169749835,88.2463171152074,94.7236910118499,7114598,0.645887090177126,0.543823277154943,0.230962592686193
2022-05-08,202219,448,448,448,448,24.8788676761027,27.2541554121133,30.9519420671494,66.2842555187623,86.9733345194206,94.8126857070441,7114598,0.586378879031535,0.539740123054036,0.0168225948957341
2022-05-15,202220,473,473,473,473,25.5365371955234,28.2015118564845,32.1428571428572,58.7894127195523,82.2868263805135,94.7067616761027,7114598,0.59461026469802,0.531291297133021,0.159962797616956
2022-05-22,202221,393,393,393,393,24.3028308097433,27.4962193370638,32.1079657669519,57.1296731895984,82.632014441738,94.4165630506912,7114598,0.548856449795196,0.455163875738306,0.155873177936406
2022-05-29,202222,456,456,456,456,24.7228439763002,27.6699211770902,31.8090849242923,59.2779934516129,83.6316824667544,94.5249462310731,7114598,0.56862650567186,0.506644648088339,0.169812827091566
2022-06-05,202223,348,348,348,348,24.7597103357472,26.7593915332456,29.9302172481896,69.117119919684,86.589943319289,94.580650074391,7114598,0.527655111363987,0.492306381892554,0.00485860198988052
2022-06-12,202224,328,328,328,328,24.8861092824226,28.0200891040158,32.1428571428572,53.4744350612245,78.4264029907834,93.8218011922317,7114598,0.553258666195897,0.443036837780575,0.0180885835011339
2022-06-19,202225,342,342,342,342,24.6326530612245,27.9618629921001,32.1527320605661,54.3466348347597,78.706169361422,93.9404061665569,7114598,0.576836386258226,0.395769936685109,0
2022-06-26,202226,300,300,300,300,25.0862409479921,28.0157776208031,32.4483212639894,54.0055967307439,79.6039514193548,93.9019645418038,7114598,0.567921195266409,0.410387628366353,0.0198809546231565
2022-07-03,202227,309,309,309,309,24.9519420671495,27.8224821520737,31.4746543778802,56.4019977472021,78.9849526082949,92.8869101612903,7114598,0.496062321441071,0.421128502270965,0.165721239625907
2022-07-10,202228,301,301,301,301,25.0388413429888,27.6525668466096,31.5878867676102,57.7227465635286,80.7536164180382,93.6198483620803,7114598,0.484438333690814,0.382424558632828,0
2022-07-17,202229,219,219,219,219,24.5957867017775,27.5856446853193,31.6774193548387,55.5836596978275,79.9305390638578,93.4173199894668,7114598,0.444486533181495,0.380443561252512,0
2022-07-24,202230,186,186,186,186,24.9545753785386,27.7734572284398,32.4114549045425,53.566819449638,79.3156129335089,92.3643298005267,7114598,0.434976087194245,0.302618784645317,0
2022-07-31,202231,171,171,171,171,25.1803818301515,27.571475114549,30.9117840684661,62.2475483686636,81.0257504430546,92.576074238973,7114598,0.385799310094541,0.376641800422174,0
2022-08-07,202232,186,186,186,186,24.9842001316656,28.6539718683344,33.5628703094141,48.0571221198157,73.6255619743252,91.7836012139566,7114598,0.398524695281448,0.357427784394846,0
2022-08-14,202233,209,209,209,209,24.3633969716919,27.6828559453588,32.1797235023041,52.2558506372614,73.0522673712969,87.7063157952601,7114598,0.373361221533529,0.332871091240854,0.155873177936406
2022-08-21,202234,187,187,187,187,24.2982225148124,27.4755802264648,31.8966425279789,53.0123893258722,74.5260602495062,89.3654015003292,7114598,0.358029786082081,0.367757110099545,0.0211199564613489
2022-08-28,202235,132,132,132,132,24.8729427254773,27.3745579828835,30.4970375246873,61.3885070645161,76.2079544720211,88.5661536649111,7114598,0.354303222754118,0.299787704097969,0
2022-09-04,202236,147,147,147,147,25.9545753785385,29.2247091026992,34.2718894009217,45.5053655154707,68.0218226925609,83.3395771007242,7114598,0.379466696502037,0.310697807521943,0
2022-09-11,202237,125,125,125,125,25.9716919025675,28.0801413113891,31.1073074391046,60.4470438281764,73.4069720566162,84.053714313364,7114598,0.336909829620732,0.23501552723007,0
2022-09-18,202238,137,137,137,137,26.0882159315339,28.2009377103358,31.1263989466754,60.1895844193549,72.2145827267939,81.7717792745227,7114598,0.39496173922968,0.300680235200921,0.00420712456276518
2022-09-25,202239,110,110,110,110,25.8854509545754,28.5724765404872,32.4628044766294,53.3532833041474,70.8171308229098,84.5167380612245,7114598,0.206844293943242,0.303257752581383,0.00420712456276518
2022-10-02,202240,145,145,145,145,26.0842659644503,29.041128764977,33.1560236998025,50.5663864351547,69.0346317050691,83.4674954911126,7114598,0.347401075928675,0.304605263712721,0.00628412174517801
2022-10-09,202241,104,104,104,104,26.4206714944042,29.3123378479263,33.3133640552996,52.5011117373272,69.7534412745227,83.5165384930875,7114598,0.187320773429504,0.317928152792329,0
2022-10-16,202242,112,112,112,112,27.0500329163924,29.4937407853851,33.6899275839368,49.6761047300856,67.9605397801185,80.0000970263331,7114598,0.381775470659059,0.0476539925375966,0
2022-10-23,202243,63,63,63,63,26.5951283739302,28.9492763732719,32.2692560895326,55.3368735786702,70.908261678736,82.0098962159316,7114598,0.185243776247091,0.284044861002688,0
2022-10-30,202244,106,106,106,106,26.0256747860435,28.9600026451613,33.154707044108,51.2417586313364,71.5588201678736,86.13167160632,7114598,0.189450900809856,0.281543525017155,0.00420712456276518
2022-11-06,202245,109,109,109,109,25.0013166556945,27.4581618439763,30.9078341013825,62.6189971737985,79.8174210882159,91.8182721211324,7114598,0.200738818974733,0.351698718606448,0
2022-11-13,202246,111,111,111,111,25.6951942067149,28.2639100500329,31.4002633311389,61.0431542172482,75.6082747465438,88.6083394259382,7114598,0.201772608937286,0.307328537747319,0.0123217081274304
2022-11-20,202247,84,84,84,84,25.8762343647136,28.2615749545754,31.3890717577353,60.7175433080974,75.289141529954,85.711038005925,7114598,0.176725515622949,0.290872513106152,0.0124380885610122
2022-11-27,202248,69,69,69,69,26.0296247531271,28.158280483871,31.5839368005266,59.2151284285714,75.2472622356814,85.926138759052,7114598,0.166364424244349,0.307923371074515,0
2022-12-04,202249,86,86,86,86,25.8202764976959,28.7840337452272,32.761685319289,54.0462655036208,72.593846759052,87.0291527820935,7114598,0.180833688705954,0.297417647490413,0.0117753666475604
2022-12-11,202250,67,67,67,67,26.1205837173579,28.697282859447,32.6920122887865,55.0612234124424,73.1068469324117,85.466640749616,7114598,0.200738818974733,0.30491659542816,0
2022-12-18,202251,62,62,62,62,25.8064516129032,28.0993982695853,31.3064516129032,59.4394372834101,76.1715127004608,86.9110031912442,7114598,0.176062793709497,0.304141147539186,0
2022-12-25,202252,90,90,90,90,25.3778801843318,27.0276146835637,28.9815668202765,71.1193943364055,81.4302998387097,91.193083156682,7114598,0.189450900809856,0.368753652701108,0
2023-01-01,202301,160,160,160,160,25.275181040158,27.8639383094141,31.4259381171824,61.6635797860434,79.1338924674128,93.0787653752468,7114598,0.240952616015691,0.42194260308172,0.170359730795753
2023-01-08,202302,156,156,156,156,26.2179065174457,28.0339742277815,30.6260697827518,65.2766803963134,77.7787072936142,86.6152849591837,7114598,0.31148154821959,0.373329315303549,0.0901737526139917
2023-01-15,202303,182,182,182,182,25.2165898617511,25.3879179651086,25.6747860434496,87.9341665207373,88.8893551560237,89.3663751171824,7114598,0.354107990360102,0.39923689293478,0.0814921658258134
2023-01-22,202304,190,190,190,190,26.0710994075049,26.3165976076366,26.6234364713628,86.4513686682027,87.5987403502304,88.4016289170507,7114598,0.400318190852104,0.373918948055814,0.0423350693883196
2023-01-29,202305,245,245,245,245,25.3554970375247,26.4087463838051,27.5839368005267,83.2363565483871,88.6053306155365,91.9626229868334,7114598,0.40191912459425,0.480071818534231,0.0379986332326858
2023-02-05,202306,289,289,289,289,26.734693877551,26.9165918025017,27.147465437788,84.6002348090849,85.713707518104,86.3419401645819,6800605,0.468721091726398,0.364593591305479,0.238280564743872
2023-02-12,202307,240,240,240,240,26.2513068978707,26.5223906461605,26.847247122743,87.3309008121398,88.9568900755203,90.3958560994335,6800605,0.4168190918308,0.442146691360548,0.00736081569213327
2023-02-19,202308,356,356,356,356,24.5181040157999,26.3848841843318,29.1803818301514,74.8303754404213,88.2769866853193,95.4262326313364,6800605,0.660629899839794,0.535394130375165,0.239664265164643
2023-02-26,202309,497,497,497,497,26.6955252462165,26.8908791183996,27.1583550431476,85.512260629639,87.2536193340011,88.5072219511637,6800605,0.635934302903933,0.418628048533917,0.253743012570205
2023-03-05,202310,556,556,556,556,26.8905525264972,27.2611737294525,27.6241435642357,84.8574019122314,86.499330936191,88.3535804852655,6800605,0.756896334958434,0.449182241874069,0.275219778240318
2023-03-12,202311,508,508,508,508,25.7296992135702,26.0662601381589,26.5290705198539,87.7930649762008,90.5244632100347,92.8504592619488,6800605,0.720923211978934,0.572009255058925,0.168870710767645
2023-03-19,202312,457,457,457,457,24.5131299831761,26.4813897446907,29.3700290151903,73.3491810410845,87.59502010543,95.2047701010655,6800605,0.761536069217371,0.580097506030713,0.00840939886965939
2023-03-26,202313,368,368,368,368,25.272932222241,26.3876971969375,28.043721596717,83.4155046835581,90.6708551788908,93.7703740531914,6800605,0.612366840891362,0.539830500374599,0.0225912253395102
2023-04-02,202314,288,288,288,288,24.520737327189,26.9694832936142,30.6701777485187,67.7357393410138,86.9109599400922,95.7011309400922,6800605,0.597986502671453,0.553569866210433,0
2023-04-09,202315,322,322,322,322,NA,27.6236583564753,32.2082777036048,63.9032464973297,86.15049423498,94.5032512014483,6800605,0.573405748459144,0.538648252618701,0.00204658262022276
2023-04-16,202316,345,345,345,345,NA,27.8861775026703,32.2456608811749,63.8311356108144,84.9449745327103,94.3566116142199,6800605,0.550209576942052,0.506011891589057,0.164970175447626
2023-04-23,202317,244,244,244,244,NA,27.8896841994377,32.3247865841324,61.6442704115184,84.2812595477607,94.0760319628344,6800605,0.460520497808651,0.406274000622003,0
2023-04-30,202318,278,278,278,278,26.7128715285397,27.0443992117622,27.3559115402433,88.7855903291639,90.1494631909394,91.5188921076,6800605,0.519166456513795,0.430940335455448,0.156070526078195
2023-05-07,202319,226,226,226,226,NA,27.5268445442689,28.6290702418039,83.6571701484881,89.025299667223,92.1871744095958,6800605,0.484086195272332,0.398791431056502,0.00162867862491646
2023-05-14,202320,203,203,203,203,26.8896818082072,27.9086344586153,29.4811367127496,81.2318999381347,88.0862178071308,91.2107554265569,6800605,0.498282579270521,0.424662364598444,0
2023-05-21,202321,163,163,163,163,26.0914430790237,27.7004138288586,30.3496391388096,73.5640847854936,86.3081218615354,94.0916620299368,6800605,0.290129334081306,0.372937260729009,0
2023-05-28,202322,170,170,170,170,26.5116585923038,26.7902764588714,27.2496347312016,89.1920930624126,91.0069514136887,92.0982091834728,6800605,0.504353656770243,0.380977427743561,0
2023-06-04,202323,143,143,143,143,23.0041840684661,26.9242970375247,31.5710450296248,57.6186466096116,77.1339822909809,91.8307806451613,6800605,0.406547946837083,0.272219751036856,0
2023-06-11,202324,150,150,150,150,23.0239383146807,27.0115904542462,31.724586240948,56.4584010533246,76.594964845293,92.3083930217248,6800605,0.387494494975079,0.287097692043576,0
2023-06-18,202325,163,163,163,163,26.1773187769731,26.7245182758393,27.2848487065077,87.1069124420306,89.5654332293816,91.3304980174792,6800605,0.421813647462248,0.361712671152052,0
2023-06-25,202326,167,167,167,167,26.887172735099,27.3070892484137,27.915726533238,81.3627891351551,85.1500822676712,87.9477042418595,6800605,0.472901160999646,0.287589265955014,0.0404994849722929
2023-07-02,202327,166,166,166,166,26.6901554666532,27.2409567857396,27.886337165139,81.077298341267,84.5946936188788,87.3411828433686,6800605,0.392321418462034,0.233995357765963,0.0405284529832272
2023-07-09,202328,142,142,142,142,22.9112992100066,27.1709188940092,32.3995445687953,52.2421096115866,73.9569545095458,91.586922317314,6800605,0.391444878801224,0.251680401964237,0
2023-07-16,202329,88,88,88,88,21.8212352205398,26.6976086899276,32.2741603028308,44.1611885450955,66.2568219223173,84.999103357472,6800605,0.198167221886876,0.223778472650595,0
2023-07-23,202330,101,101,101,101,21.7742073074391,26.9367859117841,32.8376346280448,44.3250777485188,66.9307125082291,87.0727955892034,6800605,0.23537435272303,0.240978412950024,0
2023-07-30,202331,107,107,107,107,22.7929088215932,27.557812837393,33.1395011191573,46.7294816984858,68.8659221856485,88.2566135615536,6800605,0.240263917695558,0.224412827976334,0
2023-08-06,202332,70,70,70,70,22.9009881500987,27.7661157998683,33.5195163923634,44.4853948650428,67.0347026991442,86.8176100065833,6800605,0.196570011050487,0.235822842232419,0.000847571649875268
2023-08-13,202333,78,78,78,78,21.9983235681369,27.4720429888084,33.5991690585912,40.760026925609,63.7041988808427,85.0532554312047,6800605,0.198167221886876,0.204131838270272,0
2023-08-20,202334,55,55,55,55,23.6276996708361,28.2883711652403,33.949161158657,44.8725140223831,67.0639204081633,87.0118677419355,6800605,0.195722439400612,0.259024013304699,0
2023-08-27,202335,57,57,57,57,23.7424064516129,28.0988851217907,33.472144634628,47.0653588545095,69.3949374588545,88.6975462146149,6800605,0.195722439400612,0.23216081510395,0
2023-09-03,202336,44,44,44,44,23.3521769585253,28.5117621461488,34.5429011849901,39.1454312705727,62.7763270572745,85.1443900592495,6800605,0.15691809772807,0.22281635236865,0
2023-09-10,202337,49,49,49,49,24.0028088874259,29.0025673469388,34.9690285714286,38.606830875576,61.3639803818302,82.8968227781435,6800605,0.195722439400612,0.22520408110749,0
2023-09-17,202338,48,48,48,48,24.2134529295589,29.243790520079,35.1632393680053,39.2932396971692,61.6441192890059,83.1705368663594,6800605,0.23537435272303,0.200204099488207,0.0396519133224176
2023-09-24,202339,32,32,32,32,24.3431078999342,29.1739974983542,35.0581031599737,40.9823823568137,63.4877185648453,84.0956339697169,6800605,0,0.195722439400612,0
2023-10-01,202340,31,31,31,31,24.5348204081633,29.3208416721527,35.2251314680711,40.9474515470704,62.7332390388413,83.3641239631336,6800605,0.156070526078195,0.222474912158551,0
2023-10-08,202341,34,34,34,34,24.6047467412772,28.8446528637261,34.4064953917051,44.9803529295589,66.7164209348255,85.6270556945359,6800605,0.156070526078195,0.158650002463016,0
2023-10-15,202342,34,34,34,34,24.27233640553,28.8853564845293,34.5390045424621,43.0416934167215,64.7769447004608,85.0403283080974,6800605,0.156070526078195,0.179596668237605,0
2023-10-22,202343,18,18,18,18,24.6260090190915,29.0865088215932,34.6736040157999,42.7396695852535,64.530383475971,83.8373166556945,6800605,0,0.195722439400612,0
2023-10-29,202344,22,22,22,22,24.6059685319289,29.071097235023,34.5723436471363,44.3004647794602,65.4538503620803,84.9172876234365,6800605,0.0032575042955737,0.162217773271643,0.0032575042955737
2023-11-05,202345,33,33,33,33,24.7520194865043,28.7199652402897,33.8279807768269,46.8765123107307,68.0414100724161,86.1814344305464,6800605,0,0.226177376865735,0
2023-11-12,202346,25,25,25,25,24.7763230414747,29.1380581961817,34.595081961817,44.0444705727452,65.4582608294931,84.9352124423963,6800605,0,0.169547268220989,0
2023-11-19,202347,36,36,36,36,24.926692955892,28.6780521395655,33.2611107307439,47.6319296905859,67.5602204081633,85.7526125740619,6800605,0.156070526078195,0.223721860040393,0.156070526078195
2023-11-26,202348,44,44,44,44,24.7763888084266,28.6592354180382,33.1992423963134,46.7791826859776,66.3809915734036,85.6772992758394,6800605,0.160960091050723,0.223487910266807,0.00244478248626409
2023-12-03,202349,13,13,13,13,25.1483552337064,28.9526924950625,33.5835065832785,46.9171495062541,67.1269753127057,85.6904678077683,6800605,0,0.168607792983124,0
2023-12-10,202350,18,18,18,18,25.171644042133,28.7615915075708,33.2641266622778,47.3233319947334,67.434431797235,85.0049574061883,6800605,0.0257394746496819,0.013384838554805,0.0257394746496819
2023-12-17,202351,5,5,5,5,24.4672525345622,27.6948987491771,31.7365902567479,56.8440479921001,75.3403149440421,90.6769660302831,6800605,0,0.162702583079005,0
2023-12-24,202352,23,23,23,23,25.0933824226465,28.6396154048716,32.9556239631336,52.5122286372614,71.8822071099408,88.9286111915734,6800605,0,0.177017191852784,0
2023-12-31,202401,77,77,77,77,24.0251958525346,26.6972181698486,30.0848031599737,64.7440997366689,81.312786240948,94.3289472679394,6800605,0.021345894960816,0.375515413702163,0.0184679157222041
2024-01-07,202402,118,118,118,118,24.0358194206715,26.8774398288348,30.5046815668203,62.2725432521396,79.5797561553654,93.2415131007242,6800605,0.203395580246169,0.370221619988222,0.187980334102628
2024-01-14,202403,133,133,133,133,24.1393717577354,27.5210362080316,31.698854443713,57.6797691902567,76.7849915734036,93.0382464121132,6800605,0.271353651623642,0.403468220842116,0.00813530560883921
2024-01-21,202404,141,141,141,141,24.8216238314681,27.6871221198157,31.3551038183015,59.6268540487163,77.3960499012508,91.8355072416063,6800605,0.172341137295873,0.355381763828365,0.0040739022484029
2024-01-28,202405,224,224,224,224,24.3178221198157,27.0169599078341,30.5424934825543,64.6642941408821,82.4365549703753,95.0470946017116,6800605,0.288953556338002,0.523547243223213,0.186601927328524
2024-02-04,202406,419,419,419,419,24.4253375905201,27.3232068466096,30.9358508887426,64.120880118499,80.7379642527979,93.6804909150757,6800605,0.653455832238455,0.581307986568842,0.277377968577796
2024-02-11,202407,672,672,672,672,23.8696028308097,26.6256220539829,30.0981917709019,67.3830794601712,83.2670008558262,94.9102556945359,6800605,0.761846188684683,0.576161532687165,0.352985800528041
2024-02-18,202408,1048,1048,1048,1048,23.3621075049375,25.3761316655695,28.0923098749177,76.3354078341014,89.0752628703094,97.0839466096116,6800605,0.880283739461416,0.699123680907802,0.418421596313857
2024-02-25,202409,1356,1356,1356,1356,23.4618705727452,25.9138549703752,29.1978908492429,71.5735594470046,86.3401942067149,96.3759121132324,6800605,1.04425915047264,0.794876632299626,0.463475381969692
2024-03-03,202410,1476,1476,1476,1476,23.7264225148124,26.291748321264,29.7148936142199,70.3011996708361,85.8701632653061,96.3535988808427,6800605,1.07686169098191,0.807178773065043,0.195677443403932
2024-03-10,202411,1738,1738,1738,1738,24.2215330480579,26.5870565503621,29.7281894667544,72.9112240947992,87.0720267281106,96.6519995391705,6800605,1.12100320486192,0.83278958269154,0.346277426787764
2024-03-17,202412,1801,1801,1801,1801,23.790812837393,26.0659360105332,29.2332222514812,74.4018053324556,88.4311042132982,97.2447093482554,6800605,1.04971601791311,0.843666409091544,0.1419931020843
2024-03-24,202413,1381,1381,1381,1381,23.5054969058591,26.0137755760369,29.3126731402238,72.3233009874918,87.316235154707,97.171874325214,6800605,0.968824097267817,0.800376143004924,0.0540798943623398
2024-03-31,202414,1755,1755,1755,1755,23.8326064516129,26.3535365371955,29.7555986833443,71.2575058591178,86.5933430546412,96.6592516129032,6800605,1.11184607840038,0.791966744135264,0.0815521560214128
2024-04-07,202415,1604,1604,1604,1604,23.7622801843318,26.1223855167874,29.3181674127716,73.7614665569454,88.3599579986833,97.6216442396313,6800605,1.04387786086679,0.746817672839402,0.0592439937329105
2024-04-14,202416,1216,1216,1216,1216,23.9146144173799,26.3038255431205,29.5966422646478,73.2570673469388,88.0286989466754,97.4082278472679,6800605,0.926753575600994,0.745759090551502,0.0196695735158857
2024-04-21,202417,781,781,781,781,23.8279739302173,26.5550474654378,29.9155331138907,69.0889540487163,85.2208184331797,96.5244139565504,6800605,0.797448021168705,0.6876166164628,0.00962693760334558
2024-04-28,202418,642,642,642,642,23.9367132323897,26.9208356813693,30.5676238973009,64.0537100065833,81.9096281105991,94.7924786701777,6800605,0.7648038667148,0.561268740060627,0.00609151685769134
2024-05-05,202419,529,529,529,529,24.2159936142199,27.589888676761,31.4875705727452,56.7815756418697,75.4363864384463,89.4945069782752,6800605,0.583391918807224,0.420285401078286,0.00458473915188428
2024-05-12,202420,379,379,379,379,24.0288998683344,27.3848078341014,31.3466035549704,59.5933656352864,78.335322317314,93.1271839368005,6800605,0.407832097291344,0.501055420804473,0.00189056708925162
2024-05-19,202421,337,337,337,337,24.401807965767,27.8123829493088,31.6254236998025,56.3156628044766,73.7895025016458,88.5695757077024,6800605,0.421356776345634,0.365536889732605,0
2024-05-26,202422,252,252,252,252,23.9430741277156,27.291330283081,31.199721724819,56.6388935483871,75.0801618169849,89.9063991441738,6800605,0.352440554921217,0.363508834875721,0.00904257782947252
2024-06-02,202423,203,203,203,203,24.257374325214,27.5994238314681,31.3969496379197,54.3447068466096,71.0548059907834,85.3265478604345,6800605,0.313672827638129,0.337517912009299,0
2024-06-09,202424,186,186,186,186,23.6025786701777,27.4273037524687,31.6400454246215,49.0714712969059,67.5131960500329,83.216249242923,6800605,0.291802714611421,0.303115531632847,0.00329941233169696
2024-06-16,202425,166,166,166,166,23.6347938117182,27.567911323239,31.8960006583278,44.9606224489796,63.6519653719552,79.9403323897301,6800605,0.25033508048181,0.29918338147856,0.00151368885562387
2024-06-23,202426,114,114,114,114,23.3924248189598,27.6029048057933,32.18137919684,46.5315813693219,67.571143120474,86.7861651086241,6800605,0.214472094762157,0.285115074320594,0.00151368885562387
2024-06-30,202427,107,107,107,107,23.5745402896643,27.6994687294273,32.3509993416722,43.185929361422,63.7463082949309,82.4814849242923,6800605,0.195207044079166,0.303467559136283,0
2024-07-07,202428,91,91,91,91,23.3205259381172,27.3029612244898,31.707588084266,47.0087032916392,66.6515342988808,84.392521395655,6800605,0.204205655232145,0.214507385739945,0.014742364833717
2024-07-14,202429,62,62,62,62,22.5619439763002,27.1556781435155,32.0885532587228,38.6949780776827,58.6860341672153,77.7258968400263,6800605,0.192245101722567,0.261151471082352,0
2024-07-21,202430,52,52,52,52,22.4930964450296,27.304085319289,32.5531670836076,36.2266206714944,56.8324419354839,77.0833475312706,6800605,0.156070526078195,0.226420296429509,0
2024-07-28,202431,62,62,62,62,22.9514497037525,27.8337304805793,33.2290043449638,35.192212244898,56.5581705069124,77.2848613561554,6800605,0.156070526078195,0.271926247738253,0
2024-08-04,202432,57,57,57,57,22.8950495720869,27.8845136932192,33.3020225148124,36.6044346938776,56.8338812376563,78.0942979591837,6800605,0.156070526078195,0.241635266274104,0
2024-08-11,202433,65,65,65,65,23.3382692560895,28.118636076366,33.4071851876234,39.4296007899934,61.4281106649111,83.4674585911784,6800605,0.156070526078195,0.250582117326326,0
2024-08-18,202434,69,69,69,69,23.4779219881501,28.3345471362739,33.6585212639895,35.8149193548387,56.9202774193548,78.6510231731402,6800605,0.156070526078195,0.264514113082586,0
2024-08-25,202435,60,60,60,60,23.5345881500987,28.6656268597762,34.122062080316,33.3504196840026,54.1379249506254,76.0014769585253,6800605,0.156070526078195,0.245914591422381,0
2024-09-01,202436,52,52,52,52,23.0519720868993,28.5556100065833,34.4993016458196,32.4874889400922,54.3833103357472,77.764718038183,6800605,0.156070526078195,0.24561785311748,0
2024-09-08,202437,55,55,55,55,24.3017335088874,29.2211335747202,34.786304279131,31.959966359447,52.0393815009875,72.8331872284398,6800605,0.168607792983124,0.264687774102451,0
2024-09-15,202438,48,48,48,48,24.3679201448321,29.4603195523371,35.1271720868993,33.6147566161949,54.2312278472679,76.0677859776169,6800605,0.156070526078195,0.249116218336457,0
2024-09-22,202439,36,36,36,36,24.6446745227123,29.3481641869651,34.6776952600395,38.6385606978275,58.5532732718894,79.5792693219223,6800605,0.156070526078195,0.222730771747514,0
2024-09-29,202440,48,48,48,48,24.9773051349572,29.5964786701777,34.9413672152732,38.8469567478604,58.9463154707044,79.4610466754444,6800605,0.195722439400612,0.250061869495435,0.0396519133224176
2024-10-06,202441,47,47,47,47,24.7702977616853,29.2947903884134,34.6292209348255,39.622048321264,60.417298156682,81.504728439763,6800605,0.217154650211268,0.241652470625775,0.0214322108106558
2024-10-13,202442,44,44,44,44,24.8308657011192,29.1790481895984,34.26082600395,40.6862454904542,60.8454264647795,81.3139540487163,6800605,0.195722439400612,0.235305976453566,0
2024-10-20,202443,46,46,46,46,25.1861807109941,29.5734924950625,34.889230283081,38.6763674127716,60.1101766951942,80.5446924292298,6800605,0.195722439400612,0.217154650211268,0
2024-10-27,202444,47,47,47,47,24.7684797893351,29.2617344305464,34.4572087557604,38.8040860434496,59.4752968400263,80.8781071757735,6800605,0.195722439400612,0.237100081536863,0
2024-11-03,202445,61,61,61,61,25.1235495720869,29.6050570111916,34.8632873601053,38.4136496379197,58.8574326530612,79.5457015799868,6800605,0.195722439400612,0.241933622082153,0
2024-11-10,202446,45,45,45,45,24.7135799210007,28.6720998683344,33.6780200131666,43.3976578670178,65.3703148782093,84.8441892034233,6800605,0.156070526078195,0.254151064500879,0
2024-11-17,202447,55,55,55,55,25.0200151415405,29.3108622119816,34.3880447662936,41.4114850559579,62.6168842659645,83.2586532587228,6800605,0.195722439400612,0.234173577203793,0
2024-11-24,202448,44,44,44,44,24.8979104674128,29.0549793285056,33.98278439763,42.378092955892,63.4797483870968,83.8754202106649,6800605,0.195722439400612,0.208259706305542,0
2024-12-01,202449,48,48,48,48,24.5322753127057,27.9402831468071,32.3365434496379,49.6078530612245,69.4433221198157,86.3859368663594,6800605,0.156070526078195,0.251581146089208,0
2024-12-08,202450,53,53,53,53,24.43170520079,27.8790867017775,32.2556713627386,53.0567240947992,72.6811229756419,89.3207651086241,6800605,0.156070526078195,0.207955909805084,0
2024-12-15,202451,45,45,45,45,25.1582484529296,28.8366998025016,33.2623395655036,49.2200946017117,68.0742762343647,85.6354348255431,6800605,0.156070526078195,0.184730476185575,0
2024-12-22,202452,56,56,56,56,25.0517450296248,28.5468915075708,32.8507196840026,49.3873200131666,69.2272100065833,86.6634646477946,6800605,0.158515308564459,0.220972545824967,0
2024-12-29,202501,66,66,66,66,24.7741489795918,28.0233747860434,32.0048693877551,56.6361940092166,75.1298314022383,90.7318703094141,6800605,0.158515308564459,0.316545072092851,0
2025-01-05,202502,99,99,99,99,23.8398493745885,26.4418985516787,29.9559508229098,66.9741113890718,83.5615808426597,95.4675080315997,6800605,0.163698523881331,0.32512724970793,0.00632061412183181
2025-01-12,202503,154,154,154,154,23.1613413429888,25.0381641211323,27.6488287030941,76.1375907175774,88.8580521395655,96.7684181698486,6800605,0.182166880740758,0.392343622368892,0.178106212609025
2025-01-19,202504,214,214,214,214,22.708795720869,25.2213720868993,28.6401013824885,71.403067281106,86.7395598420013,96.7949456879526,6800605,0.227775469976568,0.443750519255272,0.196610154537721
2025-01-26,202505,256,256,256,256,23.3637545095458,25.9856984200132,29.4810962475313,69.6283487162607,85.3246421329822,95.9791944700461,6800605,0.244862479147076,0.456573348988803,0.0404394903100533
2025-02-02,202506,325,325,325,325,23.4100416063199,26.1102195523371,29.5935782093483,67.4476949308756,84.1369632653061,95.5310876234365,6800605,0.437005237034058,0.520219745155027,0.231324713021856
2025-02-09,202507,389,389,389,NA,23.3241445029625,25.9189537195523,29.4025131007242,68.9759296247531,85.4776148782094,96.5645660961159,6800605,0.499370423660836,0.504804351965744,0.21817058923434
2025-02-16,202508,559,564,559,NA,23.3253142857143,26.0120395655036,29.6207589861751,68.361136998025,85.249640684661,96.3712260697828,6800605,0.488804010819626,0.513225514494666,0.221363099312488
2025-02-23,202509,375,390,375,NA,23.2846520737327,25.5947379855168,28.8522511520737,72.9516876234365,87.4806851217906,96.7682941408822,6800605,0.448594647093898,0.506809908824288,0.0114969182888875
2025-03-02,202510,384,412,384,NA,23.1146704410797,25.3335118499012,28.5789786701777,73.3389921000658,88.3320768268598,97.5459495062541,6800605,0.489940086212918,0.505137557614359,0.0373966727960233
2025-03-09,202511,502,552,504,NA,23.2165613561554,25.9987364713627,29.9374832784727,67.757711323239,85.3190098749177,96.737882883476,6800605,0.550467936308608,0.591245778868204,0.0523466662157264
2025-03-16,202512,535,620,540,NA,23.2439886109282,25.4835847926267,28.6163678077683,74.385547399605,88.3115537195523,97.2196294930876,6800605,0.524701258196881,0.565238239833074,0.186796615889322
2025-03-23,202513,461,600,471,NA,23.5020121790652,26.4526985516787,30.1250310730744,65.5280264647795,82.8897030283081,95.5189439763002,6800605,0.480781489293967,0.467822789295952,0.0391163727344847
2025-03-30,202514,415,624.5,434,NA,23.5630577353522,26.5188117840685,30.3260701777485,64.8783423963134,82.6902872284398,95.3205635286373,6800605,0.515638976238143,0.435632417998105,0.0309023976543263
2025-04-06,202515,133,501,175,NA,23.5096983541804,26.1585676761027,29.6578383805135,69.3700337063858,85.2826983541804,96.2578360105332,6800605,0.456599817222144,0.385382182908727,0.00695423421886729
2025-04-13,202516,10,633.5,86,NA,23.5282411981567,26.7933847926267,30.6176162211982,63.190897235023,81.8544422119816,95.7931426728111,6800605,0.490265351391531,0.354200986529875,0.0229251662168292
