"ew_start","ew","sum_of_cases","cases_est_id","cases_est_id_min","cases_est_id_max","mintemp_mean","meantemp_mean","maxtemp_mean","minumid_mean","meanumid_mean","maxumid_mean","pop","inc_level","receptive","transmission"
2017-12-31,201801,363,363,363,363,23.4605845558395,24.7386843035801,26.254049356969,77.2344816864095,84.9599428011818,91.8909628935665,3526220,0.385224121013437,0.683565120724175,0.285760956491654
2018-01-07,201802,374,374,374,374,22.8267307046637,23.522244328725,24.3440860215054,83.0613539800824,91.3377909907834,NA,3526220,0.394047733833964,0.366246575653249,0.272475058277702
2018-01-14,201803,328,328,328,328,23.441364416048,25.0960433554817,26.7947582133629,73.7256609791436,82.2687743532669,89.6324130648749,3526220,0.492933509537125,0.526255877398461,0.0812232362132822
2018-01-21,201804,420,420,420,420,23.9230038363107,25.5748833164362,26.9715821812596,77.8107275258699,87.5348834505889,NA,3526220,0.573581342060337,0.623888186216402,0.219566844950117
2018-01-28,201805,471,471,471,471,23.7109930884745,24.4442762554049,25.2005561348627,88.6847643969412,92.8983625561349,96.3530969557346,3526220,0.673148867625956,0.723825796461934,0.187138068526638
2018-02-04,201806,446,446,446,446,23.6650564434486,25.7868107265902,27.7870698644421,72.5046529549531,83.3246362008342,92.2054747845846,3526220,0.598139934547476,0.521811741751791,0.00200497983676571
2018-02-11,201807,370,370,370,370,23.0086461860441,24.7327867745568,26.2371220020855,79.5380077338894,87.9129591105318,94.9311059419373,3526220,0.720529065117888,0.726336416899683,0.017892247222238
2018-02-18,201808,360,360,360,360,22.9653602615385,24.6807998671533,26.5436913451512,76.9611885862357,86.9710225891554,94.3704230266944,3526220,0.540051953650084,0.612656612463204,0.0450646868317916
2018-02-25,201809,432,432,432,432,23.2200223437169,26.9825479789364,30.7015641293014,59.3717381683003,78.0209553388947,94.0720280613032,3526220,0.55816256501296,0.67035267226662,0.0639906188496464
2018-03-04,201810,374,374,374,374,23.6293906364781,25.6230226932221,27.5094890510949,74.9756361778936,84.9842886064651,93.3236056359715,3526220,0.524730731491512,0.675936838881295,0.0308732864086756
2018-03-11,201811,388,388,388,388,24.1029159891525,26.1132669901981,27.8621480709072,75.21179435683,85.2674382075078,92.9460496884994,3526220,0.640122283918757,0.746456545536013,0.175293657230689
2018-03-18,201812,387,387,387,387,23.5505636468252,25.6479978786236,27.6031282586027,75.0289048648592,85.0199629226277,94.39373631869,3526220,0.410416253098218,0.748382120230729,0.0324233882174113
2018-03-25,201813,249,249,249,249,22.5884369246632,24.2419027416058,25.621480709072,79.2057996108447,87.2802576383733,94.7043569945839,3526220,0.372644644973938,0.539461803290776,0.00269467021342968
2018-04-01,201814,340,340,340,340,22.6725475483199,24.6552975115746,26.488008342023,77.5998670465068,86.5221750427529,93.4578882659972,3526220,0.470198966598794,0.525021127439581,0.027904952044966
2018-04-04,201815,383,383,383,383,22.8093136021686,24.8934890548488,26.8306569343066,74.546951204171,84.3105436254432,92.3893948164325,3526220,0.458684086642354,0.270357776882894,0.0324548666844383
2018-04-15,201816,327,327,327,327,22.1817659622512,24.4192620010427,26.407299270073,73.0483909931178,83.911547544317,94.5094378286054,3526220,0.380995513609474,0.244047166654378,0.0430166013464843
2018-04-22,201817,264,264,264,264,22.682535216183,27.5729909704553,31.4973931178311,50.4945010382343,69.3201754900938,89.0937942754847,3526220,0.433885577190306,0.161508640980994,0.0669391019278434
2018-04-29,201818,307,307,307,307,22.792977364824,27.94708969065,32.6663190823775,45.7663402721585,67.8737871741397,90.3926259083701,3526220,0.459810788890086,0.213346586429661,0.0253946151970098
2018-05-06,201819,278,278,278,278,22.4964512512403,27.6459273624609,32.1203336809176,45.0316294894682,66.1402823547445,88.5993879517088,3526220,0.364090158867002,0.16786445542252,0.0209799728888158
2018-05-13,201820,212,212,212,212,21.4891603849466,25.796797935975,30.5774765380605,52.0898984721585,74.3320160475495,91.8870632492558,3526220,0.290510518345424,0.103139055419117,0.00263086250999654
2018-05-20,201821,170,170,170,170,18.6166144281925,21.2183778965589,23.7566214807091,62.4461563138686,74.6567061282586,86.2597655340013,3526220,0.103494109839999,0.0716050047926675,0
2018-05-27,201822,164,164,164,164,20.6172247599155,22.7236988354536,24.7885297184567,66.2974966068822,76.7987803885297,86.1606617666566,3526220,0.20456834797602,0.0403259013901572,0.0815394388325175
2018-06-03,201823,135,135,135,135,18.0192493067855,19.9016076314912,21.4358706986444,76.7076649979145,82.1536287153285,89.8225657203575,3526220,0.151636313105819,0.0116558240835796,0
2018-06-10,201824,134,134,134,134,19.8790278980399,21.6835407860271,23.444212721585,71.4852424212722,80.1259271622523,87.5707874610818,3526220,0.162860513524397,0.0113041727402147,0.00743118693671977
2018-06-17,201825,113,113,113,113,18.2065021477764,21.0582548892596,23.6890510948905,60.3528235411887,72.6733987854015,84.1467024416536,3526220,0.0907195240228914,0,0
2018-06-24,201826,85,85,85,85,19.3876764977175,22.5777003015641,25.3726798748696,54.2577558316997,68.2751911272159,82.1570863486956,3526220,0.197717669345645,0,0
2018-07-01,201827,105,105,105,105,19.279284910031,22.1113118736183,25.2283628779979,52.7308879739312,67.0593921338895,78.841289091858,3526220,0.180380407348379,0,0
2018-07-08,201828,78,78,78,78,17.2175004473353,20.986604820438,23.9368091762253,55.2349545839416,67.8990226183524,82.3626940168516,3526220,0.190630193238085,0,0
2018-07-15,201829,68,68,68,68,19.7525403954576,25.4741445738617,30.4549878345499,36.8939536916927,54.2674732923184,77.1807596024359,3526220,0.017680972826426,0,0
2018-07-22,201830,55,55,55,55,17.3510731767766,24.2283687151199,30.1597497393118,33.9896895726799,54.2944043839416,79.7062039576874,3526220,0.184229571609259,0,0
2018-07-29,201831,60,60,60,60,19.6210001499359,26.0403728206465,31.6375391032326,32.4374831793535,51.6043039826903,75.0249969106504,3526220,0.0389144749902161,0,0.0299785606116465
2018-08-05,201832,54,54,54,54,18.706935702911,24.643140455683,30.3651720542231,37.0941209207508,57.53203062878,79.229403288955,3526220,0.00190175315210055,0,0.00190175315210055
2018-08-12,201833,53,53,53,53,20.3559914492904,24.0844348519291,27.9478623566215,45.403328548488,60.7093114994786,76.2129427939748,3526220,0.0163671013152895,0.00893591437856969,0
2018-08-19,201834,60,60,60,60,19.7458782885021,22.9050231386862,25.7695516162669,50.9749799781022,64.5385071230448,78.4060082812237,3526220,0.191660758545978,0,0
2018-08-26,201835,53,53,53,53,21.2380951911959,25.0161062898853,28.1689259645464,39.3478086183525,51.0284210875913,64.9786177768714,3526220,0.0173372619972662,0.0113041727402147,0
2018-09-02,201836,45,45,45,45,17.6048632550513,22.1402530229406,25.6934306569343,41.703179160584,54.6995938467153,71.257855619871,3526220,0,0,0
2018-09-09,201837,67,67,67,67,22.3244883204488,26.7653967466111,30.5182481751825,35.6134581459854,50.6927365464025,69.6253894844325,3526220,0.00700126481047694,0.0113041727402147,0.00700126481047694
2018-09-16,201838,35,35,35,35,23.1870439773152,26.0376148070907,28.4139728884255,59.0228396965589,70.476432282586,81.8875954531389,3526220,0.0173372619972662,0.0113041727402147,0
2018-09-23,201839,39,39,39,39,23.8380587350109,26.2882407799791,28.9061522419187,58.4331067080292,71.1000995057351,82.3928874914817,3526220,0,0.0605912280005218,0
2018-09-30,201840,42,42,42,42,22.2463418261944,24.9646768331595,27.7554744525548,66.4283562403545,80.2031165875913,90.7958710257577,3526220,0,0.273626716427222,0
2018-10-07,201841,46,46,46,46,23.0701440772766,27.6107504306878,32.5978835978836,49.6562535936508,70.8877363005291,90.74116781937,3526220,0.0173372619972662,0.314330643011497,0
2018-10-14,201842,70,70,70,70,23.1208870001461,26.879069362878,30.5213764337852,58.3285698769552,74.7291556558915,90.4466862606311,3526220,0.101805899802054,0.331644934235527,0.00292919897227059
2018-10-21,201843,59,59,59,59,23.2435375151527,24.9439362752867,26.7945776850887,75.1821998769552,85.1587044661105,92.5964475301743,3526220,0.0173372619972662,0.50273210406611,0
2018-10-28,201844,90,90,90,90,23.0145186744166,24.7553776558916,26.7205422314911,76.9814404702815,86.4978509989572,92.5281074379124,3526220,0.0193042408017651,0.429836198535542,0.00196697880449887
2018-11-04,201845,114,114,114,114,22.734443681028,24.6352466089677,26.7049009384776,76.3554108488009,85.7919649708029,93.6960694730916,3526220,0.30414806790274,0.48411018030639,0.128854410672051
2018-11-11,201846,85,85,85,85,23.4297011585574,25.1461240709072,27.021897810219,76.9303781293014,86.2971931876955,94.2576801936269,3526220,0.11361174288615,0.42280827628452,0
2018-11-18,201847,121,121,121,121,22.5529655493219,24.2011991918665,25.9270072992701,80.0131610719499,88.5557928884255,96.2012087990005,3526220,0.135823346246122,0.545796915677411,0
2018-11-25,201848,144,144,144,144,22.3581238553484,24.2303329541189,26.0980187695516,75.938079451512,88.1082322961418,95.4320137615795,3526220,0.164158787596917,0.565835086863554,0.00689775453601874
2018-12-02,201849,193,193,193,193,21.8336241905708,23.9691859311783,26.0104275286757,71.7635793816475,82.8078418425443,92.0041942825105,3526220,0.166123214093278,0.227521822234574,0.117650628718571
2018-12-09,201850,216,216,216,216,22.7704673472425,27.6018029492063,32.1301587301587,50.1693527777778,69.895949741799,91.6205058368574,3526220,0.439096539637345,0.431494915235011,0.135061056882441
2018-12-16,201851,138,138,138,138,22.5396822566967,27.5024476677249,32.7671957671958,47.7835689111111,70.3902244402116,92.483867686933,3526220,0.177900414608277,0.351429008967109,0
2018-12-23,201852,162,162,162,162,22.579457793426,24.7789492006256,27.3818561001043,74.0354255428572,87.1413174325339,96.0084042461891,3526220,0.158901600013612,0.551604834638792,0.022424012114956
2018-12-30,201901,340,340,340,340,22.8800712151767,24.6737975453597,26.1897810218978,78.9881567236705,86.9179372721585,94.398866344762,3526220,0.208296986574859,0.638511210304519,0.15003544872413
2019-01-06,201902,268,268,268,268,22.2664470171628,24.4481090198123,26.3847758081335,74.8800353368092,85.5224866392075,95.1253794886587,3526220,0.362234630851166,0.378390741360437,0.196881930225567
2019-01-13,201903,257,257,257,257,22.3392029837457,26.3050054004171,30.2950990615224,58.5588498456726,76.8338281345151,94.3784072117278,3526220,0.38502645892769,0.328203855686826,0.0107077834054597
2019-01-20,201904,329,329,329,329,22.9331355488431,27.4179568811262,32.1584984358707,53.4582933482795,74.8917605954119,94.6556224774257,3526220,0.421720709428226,0.432429910782651,0.0306679673985174
2019-01-27,201905,341,341,341,341,21.7800238211174,26.3814351835245,30.8581856100104,55.4432029426486,75.6268286725756,96.0991493040073,3526220,0.452941393333371,0.23692906284917,0.0330166580644429
2019-02-03,201906,324,324,324,324,22.7636042315265,26.6297992857143,30.6715328467153,59.5749861115746,78.5388117146333,96.312145589845,3526220,0.23758103578336,0.594760394983864,0.0478886739908457
2019-02-10,201907,352,352,352,352,23.7388724608174,25.6811211218162,27.9003322259136,75.0587845492802,85.4390585370986,95.0548216997245,3526220,0.37326599021048,0.618726284803557,0.0296195359336627
2019-02-17,201908,374,374,374,374,23.7305071714702,25.5086761838317,27.4651162790698,75.0155926179402,84.8484271262459,91.6924487654767,3526220,0.253818536563232,0.448499809994839,0.0431878895814782
2019-02-24,201909,332,332,332,332,23.7159358863565,25.10229203433,26.9568106312292,78.6545205271318,87.8508825116279,92.868321825823,3526220,0.29171038675976,0.523446920498437,0.0400159377463686
2019-03-03,201910,334,334,334,334,24.1259796267482,26.3673160264164,28.5919360444908,71.3338059753215,81.6079054476886,90.7745204116139,3526220,0.370656113345168,0.376844893398597,0.0121935103311762
2019-03-10,201911,449,449,449,449,23.6473942059204,25.994082552659,27.8561001042753,75.6923164035454,85.0576983993743,94.4377733973064,3526220,0.353875821701425,0.63083727050496,0.0711163795792662
2019-03-17,201912,457,457,457,457,23.8551229173814,25.449379092805,27.1668404588113,78.4182260959333,85.9465226225235,93.1944942948369,3526220,0.526189800976683,0.634389799842324,0.0533154482703859
2019-03-24,201913,485,485,485,485,23.3995142633689,25.972297482447,28.2198470629128,73.2011355243309,82.8102131263469,93.1942949576909,3526220,0.512720420166637,0.40749102438305,0.017139316321727
2019-03-31,201914,583,583,583,583,23.8237126952541,25.7553724880083,27.6110531803963,78.0556532398332,87.0343045234619,94.8417798253086,3526220,0.57152304734248,0.603320269296867,0.210826323938949
2019-04-07,201915,532,532,532,532,22.4802355879649,24.5711510364963,26.6058394160584,76.1501327872784,86.489479438999,95.0845459018821,3526220,0.560775277776202,0.480457543772085,0.0314265700948891
2019-04-14,201916,569,569,569,569,24.2198612003614,26.211668164755,28.3242961418144,74.6158443065693,84.8752288258602,94.219221645115,3526220,0.547178565149083,0.71556198989286,0.0150503939062225
2019-04-21,201917,670,670,670,670,23.7061758781096,26.0576354400417,28.2867570385818,74.6438628091762,84.8888994139729,95.2624254978127,3526220,0.58141352496441,0.697666056003312,0.148990987516377
2019-04-28,201918,659,659,659,659,23.6534974593959,25.3501520792492,26.9551616266945,79.721277544317,87.3433038112617,94.3744121501392,3526220,0.597355241590145,0.704358775118966,0.0745378904322476
2019-05-05,201919,719,719,719,719,24.1631179178997,26.9411909624609,28.9301355578728,70.1147751835245,79.5270045797706,91.5568002701278,3526220,0.73260261696661,0.61253296731344,0.0992331731996302
2019-05-12,201920,800,800,800,800,20.3130712258844,23.1095100917623,25.0917622523462,72.553648270073,80.9092185505735,92.2058583719355,3526220,0.719822075763849,0.103822790410128,0.190451531668472
2019-05-19,201921,776,776,776,776,20.6697046004271,23.9026972836288,26.614181438999,66.0215704911366,77.68703881439,91.4101160133739,3526220,0.802313525531589,0.166588584943651,0.0375660055243292
2019-05-26,201922,635,635,635,635,22.5957455299291,26.7383116308655,29.3816475495308,60.8404437059437,72.5944148300313,90.0483537965867,3526220,0.588318652835047,0.592313582249548,0.00371616064794596
2019-06-02,201923,566,566,566,566,20.9614985469043,24.1970608696559,26.5380604796663,64.1308321042753,74.0886298706986,86.6052640801156,3526220,0.498639903352599,0.21182115693292,0.00158583412265826
2019-06-09,201924,500,500,500,500,21.5491393468769,26.257947987487,29.4254431699687,51.6273936058394,65.6298534963503,84.728430715709,3526220,0.608318255809337,0.026681545677808,0.0249967387173801
2019-06-16,201925,381,381,381,381,20.9207878620604,24.8670336976017,27.8581856100104,54.7981726976017,67.3805196339937,83.2138562239832,3526220,0.494027031779072,0.129471785651491,0
2019-06-23,201926,344,344,344,344,19.6095609961991,24.1123182961418,27.11157455683,53.2289915182482,65.2297700521377,81.6472378103002,3526220,0.349085990097044,0.00644145855902354,0
2019-06-30,201927,284,284,284,284,20.2800954470107,22.886807717414,25.2179353493222,60.2237981428571,71.0963242857143,82.5540124223999,3526220,0.271071288802173,0.0234849215307043,0
2019-07-07,201928,235,235,235,235,18.0205399610139,21.5119138717414,24.584984358707,49.272263346194,60.5795369124087,72.6448579758115,3526220,0.245715241817017,0,0.0132756889814022
2019-07-14,201929,203,203,203,203,20.3253198618535,23.9915595964547,26.7758081334724,49.5151742732012,62.1988660896768,77.5763925849336,3526220,0.244701408306912,0.00644145855902354,0
2019-07-21,201930,172,172,172,172,18.1214885769798,21.1772485547445,23.8425443169969,52.0476656600626,62.5696593472367,76.9161812849551,3526220,0.216293935148686,0,0
2019-07-28,201931,181,181,181,181,18.4971906261259,23.2670045922836,26.5589155370177,42.5790966715328,54.686336561001,70.9347681322579,3526220,0.232956820618112,0.0113041727402147,0.026901611357204
2019-08-04,201932,130,130,130,130,18.3815051051403,21.8831733388947,25.0782064650678,44.7897160031283,56.2437699989572,68.0553964069457,3526220,0.189058822194872,0,0
2019-08-11,201933,163,163,163,163,20.0165790886012,24.339673459854,27.7862356621481,39.6272524765381,50.5315566173097,63.8271955131425,3526220,0.155522911219379,0,0.0105484059417733
2019-08-18,201934,160,160,160,160,21.7732339116026,26.1659653013556,29.2700729927007,43.3034925099062,54.1818740855057,69.1992050841155,3526220,0.155128437817266,0.0177456312992383,0.00100589299589929
2019-08-25,201935,125,125,125,125,22.6899695579638,27.4415554306569,30.400417101147,37.6993952054223,49.1840706402503,66.2879039087488,3526220,0.0603036679503831,0.0113041727402147,0
2019-09-01,201936,126,126,126,126,21.9199595063179,26.1602685026069,29.4723670490094,46.6513145787278,58.3184248248175,72.478733406709,3526220,0.133332577093885,0,0.00348758727475881
2019-09-08,201937,114,114,114,114,23.3954103062643,28.5022054734098,32.4087591240876,33.0542976016684,45.1617097309698,61.0017507043718,3526220,0.126687784653255,0.0113041727402147,0
2019-09-15,201938,134,134,134,134,24.3055850107499,29.1863967069864,32.7653806047967,37.5688836819604,50.6647180771637,67.2581595037359,3526220,0.163294405907743,0.0604054766860831,0
2019-09-22,201939,106,106,106,106,23.4743302648994,27.0010625109489,29.9384775808134,53.1463778863399,64.8503352544317,77.2232606910756,3526220,0.0414055277322459,0.0113041727402147,0
2019-09-29,201940,124,124,124,124,23.5614380774609,26.4218351449426,29.2648592283629,60.3787691949948,69.6268623774765,80.1196132646038,3526220,0.105831456914203,0.0113041727402147,0.017892247222238
2019-10-06,201941,123,123,123,123,22.4526162150678,25.4251019374348,28.1543274244004,61.0096215787279,73.0418995808133,85.4950450015052,3526220,0.151721106453937,0.0384590297826001,0
2019-10-13,201942,132,132,132,132,23.1634401916355,26.4378467674661,29.429614181439,57.3361331929093,70.3338957278415,83.3272935657098,3526220,0.0718860422775663,0.0202400871187844,0
2019-10-20,201943,144,144,144,144,23.4076712537545,26.9807075912409,29.8790406673618,55.8903789447341,67.9907951616267,81.8844883227703,3526220,0.137649097333689,0.0202400871187844,0.017892247222238
2019-10-27,201944,160,160,160,160,24.5454203968077,28.4863019270073,31.422314911366,51.2525041240876,64.0216183096976,79.3425719061527,3526220,0.0909052753373301,0.0202400871187844,0.0240963411244902
2019-11-03,201945,165,165,165,165,23.653389982953,26.7719322815433,29.436913451512,59.9707001626694,71.9001872732012,85.7291554472476,3526220,0.0983168945783303,0.0655534821990687,0.0215502719626115
2019-11-10,201946,214,214,214,214,23.1916059204622,25.9860841272158,28.2544316996872,64.7574655338895,76.4035736308655,88.2331570800164,3526220,0.150037717442474,0.0704811384428652,0.0527097004724606
2019-11-17,201947,312,312,312,312,23.598558254489,26.4549972846715,28.8915537017727,62.0523432502607,73.349253806048,86.385101388195,3526220,0.187270221370192,0.0502390661955295,0.087188547509798
2019-11-24,201948,311,311,311,311,24.204121829006,26.7194706047967,29.0396246089677,66.363622923879,77.0627928852972,88.3530988697716,3526220,0.245583656153048,0.283047852941677,0.081943270697801
2019-12-01,201949,422,422,422,422,23.4840801176225,26.3785413263816,28.7653806047967,66.0311943284672,77.0833517038582,89.6336299809348,3526220,0.340490383470118,0.552018592146831,0.0705021240875498
2019-12-08,201950,570,570,570,570,22.9957290831425,25.7059250218978,28.0521376433785,70.4816803326381,81.0448746047967,92.3183751901251,3526220,0.519088712559058,0.543738620959554,0.254042572499731
2019-12-15,201951,460,460,460,460,23.3741976231269,25.8845713524505,28.2502606882169,68.0704478321168,79.3619026715328,91.2105965299117,3526220,0.346174373691942,0.561445400457147,0.0736760610512106
2019-12-22,201952,415,415,415,415,23.2674010558374,26.4240875495307,29.0959332638164,64.4927019718456,76.4350589478623,89.0262219300734,3526220,0.357006936606338,0.364030888600258,0.0289065911939697
2019-12-29,202001,653,653,653,653,23.243597051043,26.7631606647202,30.0581508515815,60.1092752374696,76.0928900871046,91.238711367374,3526220,0.419335435678999,0.432523495414353,0.130762686389391
2020-01-05,202002,1425,1425,1425,1425,23.8297702187839,27.4054851741397,31.3096976016684,56.7851642116788,73.9412674546403,88.6737950946716,3526220,0.834688987073977,0.273230541486351,0.60709031200549
2020-01-12,202003,1773,1773,1773,1773,23.7920905217396,28.1500332450469,32.6100104275287,53.3430030896767,73.508514903024,92.821808189796,3526220,0.981530647548933,0.746228539342412,0.34049804039453
2020-01-19,202004,2173,2173,2173,2173,23.8257393988938,27.5614659603754,31.7351407716371,55.5415897184567,74.4637545985402,90.9121157457071,3526220,1.05359648575528,0.432596661580956,0.435648654933612
2020-01-26,202005,2628,2628,2628,2628,23.7293652598206,27.8571385630865,32.1105318039625,54.8748932732012,72.4134360698644,89.0009251597923,3526220,1.10888827129334,0.238523121075826,0.388008405601466
2020-02-02,202006,2695,2695,2695,2695,23.4822803544579,26.3023436120959,29.6642335766423,65.853816523462,80.3569696621481,91.7805013029261,3526220,1.14248316894578,0.504322192035664,0.287112261855471
2020-02-09,202007,2454,2454,2454,2454,23.5298214645323,26.0225027486965,28.0177267987487,71.4985618884255,81.8994601501564,92.0787468052021,3526220,1.13096488591183,0.710780098802684,0.307958096772181
2020-02-16,202008,2182,2182,2182,2182,23.927062389302,26.3325254765381,28.8169968717414,69.2026579687174,80.707842253389,90.9382409795974,3526220,1.1493931178429,0.539066479119284,0.222764036276806
2020-02-23,202009,2032,2032,2032,2032,23.078988908984,25.7068286150491,27.9323882224646,70.1981536512605,80.3536231352236,NA,3526220,1.09516536120832,0.531165383895503,0.088819472409549
2020-03-01,202010,2300,2300,2300,2300,22.8368881036142,26.4367039040667,29.2325338894682,60.0133301720542,73.5155021438999,89.8338015438304,3526220,1.16027956281797,0.274786882270533,0.367685510263115
2020-03-08,202011,2250,2250,2250,2250,23.9594509435091,27.7854432679875,31.2356621480709,56.1449991001043,71.0764958884254,86.5810555360211,3526220,1.15624181134473,0.0955958505141483,0.0854614856702078
2020-03-15,202012,1730,1730,1730,1730,23.3120631402791,26.4077028675704,29.3117831074035,65.7435001261731,79.5247692273201,92.524136589743,3526220,1.02752919556919,0.650596389334755,0.0197545813931065
2020-03-22,202013,1307,1307,1307,1307,23.4923882924131,27.1981022189781,31.3910323253389,57.3133605662148,76.3829771084463,91.8446714682376,3526220,0.924290032953134,0.513938438327728,0.0128962458383198
2020-03-29,202014,1343,1343,1343,1343,23.3140875686077,28.0495379937435,32.126173096976,53.6762963826903,71.7743229426486,94.0049557523922,3526220,0.951284378172661,0.596629251719972,0.070761892337971
2020-04-05,202015,1306,1306,1306,1306,22.8095162363945,27.0010611303441,31.0604796663191,54.3686915912409,71.6944479864442,88.8415866613404,3526220,0.976142441481246,0.311800738467821,0.0669391019278434
2020-04-12,202016,1451,1451,1451,1451,20.9483313118103,25.1067066089677,29.1981230448384,57.2141561668405,72.4528593461939,88.341075236577,3526220,1.01022227767978,0.0341955408340943,0.244063898452167
2020-04-19,202017,1389,1389,1389,1389,22.3910796268432,26.903044561001,31.1366006256517,54.0475901157456,72.1306102429614,90.9656809162177,3526220,1.01841433603122,0.234782288115886,0.211042419361242
2020-04-26,202018,1436,1436,1436,1436,22.7902755748974,28.2112526861314,32.5276329509906,43.0083457997915,61.5187152200208,84.2262889929974,3526220,0.99304609468496,0.215147665205234,0.234971158918048
2020-05-03,202019,1339,1339,1339,1339,19.9635231863901,25.1244500437956,29.3555787278415,50.0455538759124,67.2614802554744,87.5997310979964,3526220,0.966371922341771,0.0764577933311024,0.0132756889814022
2020-05-10,202020,1436,1436,1436,1436,21.4782181357122,25.400254342023,29.0959332638165,55.9616311074035,73.269398189781,90.6124540704097,3526220,1.04681216713648,0.157130865345894,0.154560974641401
2020-05-17,202021,1364,1364,1364,1364,20.4214776500725,25.6955980959333,30.2732012513034,52.2234959854014,68.8628756819604,89.6599383622232,3526220,0.960833413683775,0.0285832988299085,0.0166739454713546
2020-05-24,202022,1152,1152,1152,1152,16.8186431996353,22.9505325464025,28.0385818561001,43.535839657977,65.0314866256517,95.066850047848,3526220,0.825420989047762,0.00893591437856969,0.0132756889814022
2020-05-31,202023,1106,1106,1106,1106,18.659573521575,23.9314421240876,28.4462982273201,51.367029096976,68.7109690896768,90.3586518688412,3526220,0.760751172643794,0.0177456312992383,0.0132756889814022
2020-06-07,202024,1022,1022,1022,1022,21.3191494785892,27.0215316736183,31.9770594369135,43.5416568342023,63.3779732356621,85.5134517911976,3526220,0.745133031971913,0,0.0669391019278434
2020-06-14,202025,957,957,957,957,19.9096429785751,25.9028321199166,30.4473409801877,42.0115481220021,60.029994278415,83.6068434385637,3526220,0.767326485585131,0.0177456312992383,0.0560098348940225
2020-06-21,202026,700,700,700,700,19.6024687976176,24.7777838123045,29.4504692387904,44.2911789979145,61.1774123169969,81.3473189561923,3526220,0.410967268066088,0,0.00289233229917589
2020-06-28,202027,586,586,586,586,18.3773598847007,24.3447542043796,29.6798748696559,39.3732767559958,58.6563305265902,81.1804999306585,3526220,0.387937508153207,0.0177456312992383,0
2020-07-05,202028,504,504,504,504,19.244450801946,24.7208244212721,29.5276329509906,40.4372248863399,57.3591601783108,77.6139292735851,3526220,0.335386901554639,0.0177456312992383,0.0124529949918043
2020-07-12,202029,395,395,395,395,20.7022195579021,27.7829446736183,33.4389989572471,29.5277307695516,47.9055860719499,73.5237240576054,3526220,0.300098689247977,0,0.00200497983676571
2020-07-19,202030,395,395,395,395,19.6908908059565,26.6498077601668,31.9958289885297,29.1630335870698,45.0366444567258,68.0445811482655,3526220,0.418306571909864,0,0.0212488160126141
2020-07-26,202031,284,284,284,284,18.3770285187298,25.4032682627737,31.4402502606882,27.9314379985402,46.2490628448384,69.0945364060027,3526220,0.38073262587133,0,0.00363874063444708
2020-08-02,202032,238,238,238,238,19.7940008835935,26.9478623709856,32.4496124031008,23.8362839645626,38.6726174916944,61.5125315827528,3526220,0.184068492606814,0,0
2020-08-09,202033,243,243,243,243,21.2768290041703,28.5838164418605,34.1993355481727,24.5253077685493,38.8740488870432,59.6987337988835,3526220,0.225901957336752,0,0.0299785606116465
2020-08-16,202034,167,167,167,167,20.000792168948,25.3128059833887,31.1196013289037,34.1857429335548,51.7870208770764,68.0126914238512,3526220,0.146699014809059,0,0
2020-08-23,202035,139,139,139,139,22.7571765826176,29.9113405436218,35.3128258602711,26.3988598237748,41.0387419767119,63.0828191541535,3526220,0.120106516326264,0,0
2020-08-30,202036,165,165,165,165,21.869300945021,29.3204064932221,34.7226277372263,23.0944464525547,37.8394901845672,58.8299385312287,3526220,0.327248441674087,0,0.184229571609259
2020-09-06,202037,141,141,141,141,23.4430293538833,31.3291925088634,36.7090719499479,21.0203703566215,34.6944575943691,56.6544360456913,3526220,0.0911256246065192,0,0.00347255701572789
2020-09-13,202038,135,135,135,135,24.1181483339515,30.8541882095933,35.9040667361835,23.6653506965589,36.560628270073,55.899111421096,3526220,0.135719552381871,0,0
2020-09-20,202039,137,137,137,137,22.7002674482834,28.0675764118874,32.9520333680918,39.4868661637122,56.8604497674661,76.4564287427977,3526220,0.121490150926488,0,0
2020-09-27,202040,99,99,99,99,25.7721776924558,31.4534090364963,36.3441084462982,30.4800330510949,45.5083936173097,62.6371468433464,3526220,0.135719552381871,0,0
2020-10-04,202041,114,114,114,114,25.8994247257061,32.1850361209593,37.7518248175182,29.8332940531804,45.1630193295099,64.5467239282852,3526220,0.0609488347295404,0,0.0263083415101724
2020-10-11,202042,89,89,89,89,24.1289923699537,28.8378153420229,33.8644421272159,40.681022375391,59.8636746871741,78.6851113160835,3526220,0.0325977959401285,0,0
2020-10-18,202043,102,102,102,102,23.4988566640888,27.850496721585,32.733055265902,48.1987726152242,66.2789382836288,85.1573060256035,3526220,0.121258174475784,0.100512730345809,0.0147350420563663
2020-10-25,202044,89,89,89,89,23.1117831121066,27.215705903024,31.3232533889468,53.590614282586,70.1539271522419,87.0987402515264,3526220,0.127200514999064,0.069821508584263,0.0191763418051057
2020-11-01,202045,134,134,134,134,24.3008063963269,29.3216062054223,33.4775808133472,37.6038482252346,52.9824403159541,71.5347037497125,3526220,0.130842375121235,0.0202400871187844,0.00954251294587405
2020-11-08,202046,127,127,127,127,23.8805623540995,28.5028434692388,33.0062565172054,45.9841340907195,65.0019287872784,85.386123525532,3526220,0.217258991214388,0.0177456312992383,0.0815394388325175
2020-11-15,202047,143,143,143,143,23.2733302909632,27.305070544317,31.5432742440042,50.0140280104275,68.2930201866528,85.4051801167636,3526220,0.132770218534295,0.0202400871187844,0.00363874063444708
2020-11-22,202048,145,145,145,145,25.0975699884115,29.6985831060132,34.1183524504692,41.0413989913104,58.2612989973931,76.323108008082,3526220,0.0941722297531067,0.0113041727402147,0
2020-11-29,202049,215,215,215,215,24.7424050078623,NA,NA,59.1660499278571,NA,NA,3526220,0.160495374650476,0.0113041727402147,0.0263083415101724
2020-12-06,202050,220,220,220,220,24.3322032472763,NA,NA,60.0276294057143,NA,NA,3526220,0.196426201428158,0.0177456312992383,0.0193955567151227
2020-12-13,202051,185,185,185,185,24.0481928949945,NA,NA,60.8892088835714,NA,NA,3526220,0.136645473056134,0.0177456312992383,0.0102460992223968
2020-12-20,202052,187,187,187,187,23.7085020352363,NA,NA,61.7507883614285,NA,NA,3526220,0.118909200220066,0.145176988389834,0.0132756889814022
2020-12-27,202053,166,166,166,166,23.3962819547917,27.7697495661765,32.125,53.244700447341,70.8224768198529,NA,3526220,0.116262740271452,0.185505442088128,0
2021-01-03,202101,511,511,511,511,23.2720194589055,27.3923844180672,31.6481092436975,54.3761662460897,72.7882556428572,NA,3526220,0.340520160398387,0.4222226633619,0.287662426053961
2021-01-10,202102,529,529,529,529,23.2652414842522,26.0558627314912,29.5474452554745,66.6863279895724,82.56407987122,94.4957667188954,3526220,0.228569970109636,0.606165525690399,0.138884698061947
2021-01-17,202103,618,618,618,618,21.9797414252362,25.0859775099062,28.8686131386861,66.1804644035453,83.8225549228363,95.9310059878458,3526220,0.292812416695498,0.605879383589226,0.157225017157182
2021-01-24,202104,690,690,690,690,22.8016381406041,26.0482935822037,29.9815780326729,63.2847032631213,80.2262126239138,94.9186212504572,3526220,0.3145626194622,0.617373277900982,0.0674056071373879
2021-01-31,202105,784,784,784,784,23.2735670819149,26.6525445422315,30.4754953076121,60.7879669843587,77.7794574827946,92.4082408691382,3526220,0.60752363720925,0.620308148669113,0.242200146332333
2021-02-07,202106,724,724,724,724,22.6899025182304,26.4389294202294,29.8498435870699,57.7706989541189,72.8488971824818,88.5776386833817,3526220,0.590888259949748,0.0278085315153337,0.0534064805939505
2021-02-14,202107,1014,1014,1014,1014,22.5820775868704,25.8894880500521,29.0948905109489,65.4403929535975,80.399089620438,93.6972656727499,3526220,0.62473611969758,0.614157369647952,0.147108518470203
2021-02-21,202108,888,888,888,888,23.7993536506253,26.8600369610706,30.5477928397636,61.1060825658672,78.6292131390337,91.1270859258204,3526220,0.695466817158317,0.475717340381485,0.0461871352326287
2021-02-28,202109,950,950,950,950,23.0611366682883,25.8384673560653,28.6906499826208,66.3133773841502,79.9979515020508,92.7682868169255,3526220,0.699887414852165,0.77655846770763,0.0304756935188389
2021-03-07,202110,856,856,856,856,23.1610720174706,26.7461210344108,30.7539103232534,56.7949412085506,75.906698991658,91.772404451965,3526220,0.692048709382852,0.74051760809025,0.0423839125182206
2021-03-14,202111,870,870,870,870,23.0428973179218,25.8655088380257,28.9509906152242,66.6701758898158,82.236567663886,94.9670065227973,3526220,0.679013220956151,0.603313746731628,0.0570438032794324
2021-03-21,202112,843,843,843,843,22.9614865700221,27.245811476538,31.6339937434828,54.1593148279458,73.2139461511992,91.8550272728692,3526220,0.555587569692192,0.378422503417257,0.0480817986399034
2021-03-28,202113,825,825,825,825,23.2877451167333,27.7232901637122,31.8123044838373,51.7890004629823,70.5277982732012,89.1459738093989,3526220,0.755548434300753,0.446431306044433,0.0437312476249355
2021-04-04,202114,947,947,947,947,23.5471048888768,27.4320295641293,31.6996871741397,55.6880379332638,74.5774439144943,91.8258121446664,3526220,0.682874863167925,0.330332197083563,0.0775087771040945
2021-04-11,202115,1009,1009,1009,1009,22.7001043614557,26.9177859029018,31.3984375,54.2351315103359,73.3208426071429,NA,3526220,0.721003510841638,0.268308557038415,0.0943908774835376
2021-04-18,202116,967,967,967,967,22.3019205589607,26.3526269106708,30.3708724365659,53.8264556791797,72.0559557851929,89.508801552126,3526220,0.701005892995899,0.201091820703189,0.0574762777138125
2021-04-25,202117,987,987,987,987,20.9438554465624,24.9637222455357,28.8816964285714,56.0282760260859,73.1621287075893,NA,3526220,0.700235946707806,0.136501409441271,0.0208112369619593
2021-05-02,202118,964,964,964,964,20.5493050168527,24.6719198627232,28.9899553571429,51.2857217491079,69.036250390625,NA,3526220,0.70571915535616,0.0170434629716807,0.0372895054761189
2021-05-09,202119,955,955,955,955,20.3736082066342,25.7453640066964,30.6752232142857,44.7100856482097,64.2175393158482,NA,3526220,0.689613240240257,0,0.0339113838614721
2021-05-16,202120,873,873,873,873,22.1482591428114,27.8192593616071,32.6283482142857,39.8848027865141,58.3139938314732,NA,3526220,0.536683474088401,0,0.00788578137495675
2021-05-23,202121,897,897,897,897,21.0211930138872,26.4304151830357,31.1316964285714,43.2433929004553,62.3435246729911,NA,3526220,0.465695277095587,0.0113041727402147,0.00356018626177607
2021-05-30,202122,868,868,868,868,21.7603840585558,27.5746241418144,32.2314911366006,39.0731158613139,57.4978293534932,80.004151436569,3526220,0.606946248390628,0,0.0117879769271344
2021-06-06,202123,881,881,881,881,21.3120572800076,26.0252297737226,30.1094890510949,47.9114739927007,64.567844717414,84.383672616626,3526220,0.680422378637748,0,0.0711039016283726
2021-06-13,202124,738,738,738,738,19.9054214318004,25.1850635370177,29.4297879735836,45.3530627719847,61.7470233180396,82.7006873565769,3526220,0.666354906954189,0.0177456312992383,0
2021-06-20,202125,718,718,718,718,20.2944647449326,26.9851515036496,32.1720542231491,37.5857795015641,56.0611512919708,81.0748145680634,3526220,0.359038290293856,0.0177456312992383,0.00913839749079751
2021-06-27,202126,572,572,572,572,14.678271738804,21.392658459854,27.0239833159541,33.9312663263816,50.6665917413973,75.7062356736675,3526220,0.265459046797988,0,0.00444810590377231
2021-07-04,202127,516,516,516,516,18.8351296266674,26.6579861438999,32.4567257559958,22.9983695213764,39.9232711428572,65.9272640712486,3526220,0.274713999693723,0,0
2021-07-11,202128,419,419,419,419,20.2817534991382,27.3365225099061,33.029197080292,27.0354844442127,44.0882843076121,67.2176005955316,3526220,0.182060109692532,0,0
2021-07-18,202129,412,412,412,412,18.2532008363516,25.5205934744526,31.555787278415,24.3620921136601,40.9166663639208,64.4087073904859,3526220,0.338443999523569,0,0.0129810391864376
2021-07-25,202130,323,323,323,323,17.6826009604724,24.2528787049009,29.7904066736184,25.2190740271116,39.6926917122002,60.8328335179594,3526220,0.158407019414557,0,0.0131750146048743
2021-08-01,202131,266,266,266,266,19.6945750139549,27.1340178081334,32.6757038581856,24.1674108686131,37.5959052460897,60.9334589423247,3526220,0.0762249661110197,0,0
2021-08-08,202132,226,226,226,226,19.7663257957947,26.6866777247133,32.2283628779979,30.4654796684046,45.1352031355579,65.6236403843825,3526220,0.111004134739182,0,0
2021-08-15,202133,254,254,254,254,22.4905591395661,30.5607518842544,36.2638164754953,19.9970230802919,33.32980607195,54.5096759251907,3526220,0.124913930497814,0,0.00648314625859986
2021-08-22,202134,242,242,242,242,23.331306943982,29.9082720385819,35.0354535974974,28.9067671532847,42.2932728550574,60.2129872849804,3526220,0.19539336740192,0,0.00648314625859986
2021-08-29,202135,162,162,162,162,23.611955453633,29.8152978915537,35.0239833159541,31.5534324953076,48.9875224056309,70.9140309831933,3526220,0.100245305170976,0,0
2021-09-05,202136,164,164,164,164,24.0944984521609,29.7539499217935,35.310740354536,35.5648830959333,52.723756181439,70.6296952983096,3526220,0.064780132833459,0,0
2021-09-12,202137,204,204,204,204,25.0796478273659,30.5808179843587,35.696558915537,37.5651262325339,54.541811548488,72.1835828127697,3526220,0.175040411545508,0.0023404665619275,0.00832392760519763
2021-09-19,202138,218,218,218,218,24.8215440440281,30.3868386372768,35.6540178571428,35.8186789168882,51.3774943125,NA,3526220,0.110735008025591,0.0433580434572999,0.0466388937729353
2021-09-26,202139,236,236,236,236,25.5071320997506,30.7358717410714,35.6183035714286,37.4621845225914,54.0419794899554,NA,3526220,0.16870501556908,0.0890809421987284,0.0157293078707511
2021-10-03,202140,209,209,209,209,24.6573781198297,29.6994074196429,34.5736607142857,43.2463319145626,60.92651,NA,3526220,0.0749853951256586,0.0588939430892003,0.00411829097447125
2021-10-10,202141,257,257,257,257,24.6515860882921,29.024616653806,33.5247132429614,49.0686961249218,66.8101087985401,85.1876110230836,3526220,0.150616807799854,0.135708208790149,0.0431266341861824
2021-10-17,202142,259,259,259,259,24.7521494705731,29.0995426475495,33.5161626694473,45.9573635985401,62.2673394786235,80.0589585337353,3526220,0.135235464605158,0.149194604987777,0.0388265621543749
2021-10-24,202143,344,344,344,344,23.3579837200093,27.7987877559958,32.526590198123,48.8945285505735,68.5413400521377,87.938312290528,3526220,0.0863437335163433,0.204014780700013,0.0138493911327144
2021-10-31,202144,383,383,383,383,23.9289725564079,27.4983931584984,31.1240875912409,56.1114191553702,72.5405912857143,89.6998013749834,3526220,0.154451225391496,0.472821605004793,0.0243651842482885
2021-11-07,202145,427,427,427,427,23.4013323642312,26.7654349708029,30.40771637122,60.2621330771637,77.0455306903024,92.0323628733385,3526220,0.23237007333632,0.596917946129283,0.0456681659113725
2021-11-14,202146,596,596,596,596,23.1406048603654,26.0501968039625,29.436913451512,64.9714395224192,80.3577151574557,94.2407516198678,3526220,0.277623347380481,0.583466147886405,0.166906489101644
2021-11-21,202147,698,698,698,698,24.3986507043859,28.4181074025026,32.5088633993743,54.9730328915537,73.3892171553702,90.9288798634463,3526220,0.294777410371446,0.583276709904657,0.132157380991543
2021-11-28,202148,930,930,930,930,24.2459848795272,28.3008296788321,32.259645464025,56.0092511501564,74.09523818561,91.6532230890858,3526220,0.385960320116158,0.567644106153331,0.169771880370482
2021-12-05,202149,1103,1103,1103,1103,24.8001870365367,28.545452375391,32.3680917622523,54.4791911991658,71.3799915391032,87.9213271520221,3526220,0.487337715740935,0.370147920436048,0.170357493293101
2021-12-12,202150,950,950,950,950,23.888888605903,26.6154889989573,29.895724713243,67.8560810062565,83.4096452752868,95.6152658477329,3526220,0.350815887834565,0.66733953071561,0.0834511176273744
2021-12-19,202151,641,641,641,641,23.9279886951484,26.5403585662148,29.9113660062565,68.2259277069864,84.4353138925965,95.8819746724725,3526220,0.285890557027072,0.468110611362876,0.00920078724526547
2021-12-26,202152,139,139,139,139,24.3157348423297,27.9683091209593,31.4827945776851,59.4975724014598,75.823028898853,91.7376938933221,3526220,0.0536999960297429,0.163087952538412,0
2022-01-02,202201,1687,1687,1687,1687,23.9057580607291,27.53440362878,31.2659019812304,60.1388335286757,77.4402006944734,93.2785322357163,3526220,0.886572874069117,0.669845046537085,0.60931138726455
2022-01-09,202202,1725,1725,1725,1725,23.559061139774,27.3780415224192,30.963503649635,58.600409725756,75.186335620438,92.9494233500494,3526220,0.600637226264952,0.793010078781245,0.34536529201241
2022-01-16,202203,1748,1748,1748,1748,23.9057799257428,28.1100415046924,32.177267987487,54.1186706788321,71.4596971949948,88.6602985300853,3526220,0.818110611362876,0.554408970512333,0.175002977692827
2022-01-23,202204,1723,1723,1723,1723,23.787116019699,27.1583703023983,30.7372262773722,63.1305044129302,78.3482178738269,92.4470020359835,3526220,0.49135079490219,0.827581092501319,0.0831825580933691
2022-01-30,202205,1884,1884,1884,1884,23.2087241234549,26.6020172846069,30.1638981173865,62.7733861085271,79.572398400886,94.8398175182201,3526220,0.865194741110878,0.844881771415283,0.249952073324977
2022-02-06,202206,1729,1729,1729,1729,23.1123949194462,26.3704669186652,29.8644421272159,64.016243548488,80.0727130479666,93.6819824208363,3526220,0.907482800279052,0.663336660786905,0.0726820788266189
2022-02-13,202207,1567,1567,1567,1567,23.2999094004469,26.4755003461939,29.9551616266945,64.6591681918665,81.5482191522419,95.3717385483118,3526220,0.968670134024536,0.830894555643153,0.090881170204922
2022-02-20,202208,1369,1369,1369,1369,23.5561925564004,27.5613809728884,31.3076120959333,60.0628575380605,77.0162912189781,94.0486825741379,3526220,0.857171418686299,0.85334295648031,0.0720766146184866
2022-02-27,202209,1715,1715,1715,1715,23.485317688214,27.0523877518248,30.9374348279458,61.9875844452555,78.863459657977,94.383646002823,3526220,0.962363947796791,0.823489742557186,0.277368116566749
2022-03-06,202210,1776,1776,1776,1776,23.1590456750187,26.7942033211679,30.8675703858186,59.276394354536,78.650514725756,95.4357902701904,3526220,0.850022970773236,0.418446098088038,0.277060138051511
2022-03-13,202211,2009,2009,2009,2009,22.7862272740177,26.292690544317,29.5954118873827,64.9596783107403,79.5490162377477,93.7601030674686,3526220,0.947084980517381,0.66258146116805,0.116264158220417
2022-03-20,202212,2338,2338,2338,2338,23.2411218283807,26.9127064744526,30.7382690302399,62.5112207966632,79.156175923879,94.9165105208189,3526220,0.956120151323514,0.853114950286709,0.146827480985304
2022-03-27,202213,2466,2466,2466,2466,21.195546535173,24.6718098425443,28.2857142857143,65.0002884661105,80.6445209760167,94.8650367701746,3526220,0.951362365365746,0.245175286851076,0.133389862232079
2022-04-03,202214,2519,2519,2519,2519,23.7588576750976,27.9937599947862,32.1220020855057,54.6336759541189,73.5548913305527,91.9989614890552,3526220,0.975698339865352,0.427366698617783,0.151394411012359
2022-04-10,202215,2502,2502,2502,2502,23.1874397211314,27.0631819416058,30.681960375391,58.4010176100105,75.6487866684046,92.7786632634717,3526220,0.911378189676197,0.787344521895968,0.137923045073762
2022-04-17,202216,2723,2723,2723,2723,22.6048587555159,27.3939969520334,31.7893639207508,49.6790603128258,69.3710459708029,89.980886462525,3526220,0.940395948069037,0.270809251833408,0.128809319894958
2022-04-24,202217,2665,2665,2665,2665,23.42553393356,28.7868358915537,32.9332638164755,45.902751080292,64.3981942836288,88.2579996417627,3526220,0.946982321012302,0.223441815882163,0.0706093210293175
2022-05-01,202218,2356,2356,2356,2356,20.4772009979402,25.3654952752867,29.2554744525547,48.9210964483837,66.5007931032325,87.3340175139111,3526220,0.985559324148805,0.0215808996602594,0.126687217473669
2022-05-08,202219,2108,2108,2108,2108,21.4235068895116,26.7969191157456,31.4483837330553,46.9900177705944,65.3166464775808,87.2422682917078,3526220,0.842624396662715,0.0736669861778335,0.0157965186517007
2022-05-15,202220,1786,1786,1786,1786,16.0921970016429,21.3689365891554,25.6903023983316,42.5888942919708,60.27966444317,84.6483681250632,3526220,0.843422134750526,0.00244284247721356,0.00329644775425243
2022-05-22,202221,1493,1493,1493,1493,19.9078022675177,26.6124288686131,32.0802919708029,36.1867564681961,54.9345274921793,79.36105927504,3526220,0.777509344283681,0,0.00719353869015546
2022-05-29,202222,1367,1367,1367,1367,20.4002016877351,25.0427875172054,29.3691345151199,52.0537275453598,68.9415714212722,87.3622890284032,3526220,0.763065265354969,0,0.00595765437210384
2022-06-05,202223,1177,1177,1177,1177,20.4640329638982,23.9276697799791,27.2054223149114,59.7326462752867,75.0925892168926,89.411621456181,3526220,0.537692770161816,0.0794062764092995,0.0158484155838263
2022-06-12,202224,889,889,889,889,18.2348709421009,23.7698271803962,28.3743482794578,46.1002545432742,63.9825098644421,85.5948333828426,3526220,0.44706711436042,0,0
2022-06-19,202225,920,920,920,920,20.5639682910319,26.4371002971846,31.2513034410845,41.0825908070907,60.5566328112617,83.5278966356371,3526220,0.481529229599968,0,0.0152636534305857
2022-06-26,202226,787,787,787,787,18.9974206749742,25.1558946673619,30.7090719499479,38.08866,59.5709926089677,82.7302132182366,3526220,0.490127672124825,0,0.0253614351912246
2022-07-03,202227,650,650,650,650,20.9080779549349,27.024172202294,32.1793534932221,33.8479001345151,51.892945080292,74.1238323774088,3526220,0.343502674251748,0,0
2022-07-10,202228,591,591,591,591,20.7285620097764,25.4649083263817,30.1887382690302,42.2586797559958,59.1571884181439,75.0610256581658,3526220,0.313486963377214,0,0.00593950462534952
2022-07-17,202229,474,474,474,474,19.827668921458,26.300345101147,31.1126173096976,34.5358782179354,51.5755587945777,74.0538601979506,3526220,0.253294462625701,0,0
2022-07-24,202230,392,392,392,392,22.092935306977,27.410436346194,31.7904066736183,31.8507178404588,45.1278492367049,62.7707163751183,3526220,0.185174209209862,0,0
2022-07-31,202231,340,340,340,340,21.3521231395881,27.6631504014598,32.5464025026069,30.6456724066736,46.8887386339938,68.2527389936467,3526220,0.216285711044688,0,0
2022-08-07,202232,307,307,307,307,18.4755456539508,24.8166375693431,30.3503649635037,37.4183990291971,56.3541763441085,78.917696167169,3526220,0.282478971816846,0,0.0853749907833317
2022-08-14,202233,316,316,316,316,20.0619877109947,25.6972885568301,30.584984358707,35.9209906089677,52.1116899290928,71.8327089166638,3526220,0.178052418737345,0,0.00949997447691863
2022-08-21,202234,335,335,335,335,21.4711245731614,27.6070806110532,32.7539103232534,29.4466144535975,44.3443132752868,64.4537375518311,3526220,0.170578409741877,0,0.0249771710216606
2022-08-28,202235,274,274,274,274,22.3353597089522,28.4327373013556,32.8477580813347,28.582414907195,41.7429138654849,59.8817055686644,3526220,0.161603927151454,0,0.00348758727475881
2022-09-04,202236,224,224,224,224,23.1289462738428,29.7168421710115,34.8540145985402,26.6240465589156,42.6544396882169,62.4393539673444,3526220,0.157472591046503,0,0.0817836096443217
2022-09-11,202237,258,258,258,258,22.4302050715402,27.256902995829,31.4171011470281,41.3658091720542,55.1055063701772,71.7201843025036,3526220,0.184708271179904,0,0.00220689576940747
2022-09-18,202238,204,204,204,204,23.9616656245752,27.9748107038582,31.7101147028154,45.5673909176225,59.2523895745568,73.9261664749472,3526220,0.104297236133877,0.0116558240835796,0
2022-09-25,202239,228,228,228,228,22.8066255141377,26.5389002867571,30.266944734098,53.6001730625652,68.9873011188738,83.2482776762237,3526220,0.193029362887171,0.11524351855528,0.0147350420563663
2022-10-02,202240,241,241,241,241,23.5113801461721,28.6087805505735,33.1876955161627,42.0679500062565,60.0029260771637,82.1999462967056,3526220,0.200474162133956,0.198628559760877,0.0805874278972951
2022-10-09,202241,268,268,268,268,22.477523271676,26.3413474807091,30.2252346193952,55.7275400750782,71.7719751084463,87.4764868192397,3526220,0.218509622201678,0.161329412231795,0.0846200747542694
2022-10-16,202242,384,384,384,384,23.8484007370372,28.0544901021898,32.1366006256517,49.6565233284672,67.6840274796663,86.7525558381722,3526220,0.307525905927594,0.402523098388643,0.158215596304258
2022-10-23,202243,317,317,317,317,24.4415703461491,28.6087840959333,32.1777893639208,51.5060368561001,66.8621077059437,84.4448865439628,3526220,0.245873201331738,0.390582550152855,0.0332693365700382
2022-10-30,202244,344,344,344,344,19.523704066033,24.2540144337852,28.7455683003129,46.6732421981231,61.990262641293,78.6173999527668,3526220,0.288502986200521,0.0102767269200447,0.00793569317853112
2022-11-06,202245,455,455,455,455,23.2361854544035,28.3355059176225,32.5724713242961,40.8772205036496,55.5263467351408,75.0593510825964,3526220,0.361299918893319,0.0102767269200447,0.133109108336973
2022-11-13,202246,470,470,470,470,23.5494194500311,28.2649829671533,32.4650677789364,44.7067437249739,61.7136637244526,81.9450969842908,3526220,0.315956463294973,0.026681545677808,0.120914463646624
2022-11-20,202247,433,433,433,433,23.5232707651762,27.3371361532847,30.9874869655891,53.3556993055266,69.4957030875912,86.4453130476354,3526220,0.34665052095445,0.483746901781511,0.0210942595754094
2022-11-27,202248,452,452,452,452,23.7196424276529,27.9875091616267,32.0189433437609,47.655742961592,64.1231066581509,82.2678114667905,3526220,0.34218766838144,0.134638508090817,0.02506678539626
2022-12-04,202249,372,372,372,372,24.1810268429083,28.1440343655462,31.873949579832,53.6272789334183,71.3740965682773,NA,3526220,0.263113475619785,0.454884834185048,0
2022-12-11,202250,120,120,120,120,24.1043676107437,28.1928057622549,32.2571078431373,51.6573863558529,69.752972782353,NA,3526220,0.0516762992666368,0.127822711004986,0
2022-12-18,202251,15,15,15,15,23.0933044668472,25.1390164779412,27.4742647058824,72.6623092003244,82.9748386654412,NA,3526220,0,0.157120939703138,0
2022-12-25,202252,202,202,202,202,23.4787428351249,25.7163035196078,28.2830882352941,67.9230156061097,81.2659902156863,NA,3526220,0.146576504018467,0.506753407331363,0.0910354430523337
2023-01-01,202301,726,726,726,726,23.5293086630031,26.6596047878151,29.9233193277311,59.8093275131117,75.4304399548319,NA,3526220,0.481506826006318,0.592257998650113,0.409942090964262
2023-01-08,202302,770,770,770,770,22.945923686211,26.0562938865546,29.6323529411765,61.8980808019349,77.2702585777311,NA,3526220,0.452272405011599,0.696143745994294,0.263281927956849
2023-01-15,202303,945,945,945,945,23.8705440819963,26.268162802521,28.1491596638655,68.6548931095277,77.5556209086135,NA,3526220,0.614692219997618,0.506219691340869,0.238735246241017
2023-01-22,202304,919,919,919,919,23.9275528090719,25.8869078277311,27.6649159663866,74.6446113649828,82.874879887605,NA,3526220,0.629160971238323,0.582404671291071,0.10035306929233
2023-01-29,202305,1144,1144,1144,1144,23.7781263524316,26.1776814608968,28.5359749739312,69.6691201783108,80.9647122320125,91.4747618135396,3526220,0.842677995133599,0.749704783025449,0.140101581863866
2023-02-05,202306,1492,1492,1492,1492,24.2988184250186,26.2161836850886,28.1324296141815,71.9568688561001,80.201474822732,89.265784422314,3784239,0.944878481512399,0.573553890227335,0.386978200901159
2023-02-12,202307,1430,1430,1430,1430,23.9847324576103,26.2057951838727,28.0289014513467,71.2721514252222,79.6732462772893,89.9505180057573,3784239,0.964246180011358,0.721278967845318,0.255320026034296
2023-02-19,202308,1333,1333,1333,1333,22.8587972917052,26.3942017363747,30.2372055310418,61.2976159853875,77.8469087787894,NA,3784239,1.03830175631085,0.71874556548886,0.0506344868809819
2023-02-26,202309,1609,1609,1609,1609,24.8210657998732,26.7725247707532,28.2238770898415,71.4876126187399,78.3465905351307,NA,3784239,1.01743203851554,0.40994028125602,0.248461315471882
2023-03-05,202310,1645,1645,1645,1645,24.5513434629282,26.2551222468195,27.7125641923436,74.703649670464,82.184182215234,NA,3784239,1.02384046039375,0.590093014738234,0.216015426086989
2023-03-12,202311,1685,1685,1685,1685,23.3525089643294,24.9454679738215,26.4545296409616,78.2602557006915,86.5746040134832,94.6112812252287,3784239,1.11834241970446,0.792388905669013,0.370330732281973
2023-03-19,202312,2139,2139,2139,2139,22.7241392601216,25.5846107679131,29.1073268094436,66.4487331804668,83.3707479125371,96.9366853515059,3784239,1.2305702678927,0.525800035357175,0.343726440111209
2023-03-26,202313,2282,2282,2282,2282,23.8488715635212,27.3424055122716,30.2219555743104,62.3895642920303,75.6889466634076,90.9458648258034,3784239,1.16452449224269,0.78838387321731,0.240201266357648
2023-04-02,202314,2162,2162,2162,2162,22.7949941154894,25.9271162499131,30.1070559610705,61.8740440229406,80.8979813660063,95.8622297346639,3784239,1.13878483890684,0.657099617650999,0.168972150014838
2023-04-09,202315,2612,2612,2612,2612,23.178321180098,26.8537460448384,30.4890510948905,63.1067350677789,80.2777680542231,96.0871747927366,3784239,1.24858762884691,0.848978618950864,0.245369544576862
2023-04-16,202316,2284,2284,2284,2284,22.7852032337328,26.3079649031978,30.0215502259298,59.8792075512687,76.8991660048662,93.2228692334361,3784239,1.14886454053246,0.399061740022234,0.204839334936298
2023-04-23,202317,1941,1941,1941,1941,23.0954152579095,26.7765019234235,30.3002956733189,60.4960063553871,76.7727105661362,91.8599593011376,3784239,1.13225644574774,0.436349025524022,0.109961870801501
2023-04-30,202318,2249,2249,2249,2249,23.1360019296604,25.216849721127,26.922118265911,75.3444157741787,82.9448319825473,91.144685076334,3784239,1.38905338695574,0.519591917952328,0.232453605599435
2023-05-07,202319,1874,1874,1874,1874,23.459302427585,25.3877998285699,26.9798231023676,70.9506263184748,79.1677369681021,87.8149184213464,3784239,1.32553837112297,0.508808243876774,0.0706226535903256
2023-05-14,202320,1671,1671,1671,1671,22.3183151605504,26.7981030116037,30.0884219897426,48.9349425056818,62.401731822556,80.8665003772526,3784239,1.12980443359946,0.0336535298114099,0.0327957615784838
2023-05-21,202321,1362,1362,1362,1362,22.7765957185531,27.2512417874729,31.008099964124,47.8602959482033,62.8319906814084,80.4062767454991,3784239,0.97239841352515,0.0149995811575326,0.00929248919003266
2023-05-28,202322,1106,1106,1106,1106,22.1745961663849,23.8953847807496,24.930329848578,76.0952771964947,80.3337892566489,86.9542717768887,3784239,0.675792675885429,0.209186311963911,0.00539527233877142
2023-06-04,202323,926,926,926,926,19.2949398176292,25.1212997973658,32.074752887538,39.4605569402229,65.0970716312057,84.7004316109422,3784239,0.862595623585085,0,0.00408747967557017
2023-06-11,202324,742,742,742,742,16.2601972644377,20.364010739615,25.8673147922999,58.1030474164134,76.1663282674772,89.0648285714286,3784239,0.571974973039494,0,0.00938471380903796
2023-06-18,202325,706,706,706,706,21.8304644952793,24.5982428509348,26.1459584434659,55.7876900235189,62.5689340389704,71.8745504637042,3784239,0.727308449598453,0.0336493017486475,0.00492490035645212
2023-06-25,202326,645,645,645,645,22.8233084987344,25.1970596670036,26.6007914226892,54.929489752758,60.6159623418465,68.8201461282734,3784239,0.467820874950023,0.0230492841493362,0.00852853109964778
2023-07-02,202327,545,545,545,545,22.4813026026276,24.8471387883875,26.3824699023604,52.2043449802422,57.3251488506944,64.5243966271832,3784239,0.408985267579558,0.0181851621950939,0
2023-07-09,202328,454,454,454,454,18.3493110435664,24.6637996960486,32.2434077001013,35.6340002026342,59.7798101317123,79.8267212765957,3784239,0.374214736437101,0,0.000836099411268686
2023-07-16,202329,431,431,431,431,18.3121622087133,25.1338362715299,32.8663376899696,30.5902701114488,55.734065248227,77.5973917933131,3784239,0.347405118968437,0,0.00728970871025852
2023-07-23,202330,383,383,383,383,18.2531881458967,25.4300340425532,33.2436396149949,28.0956394123607,51.1607914893617,72.7163637284701,3784239,0.396965677907764,0,0
2023-07-30,202331,426,426,426,426,19.6631354609929,26.8354739614995,34.7121243161094,25.3792823708207,48.0720215805471,69.2692764944276,3784239,0.463975980375447,0,0.0441549806975722
2023-08-06,202332,350,350,350,350,20.9575711246201,27.926031408308,35.5898978723404,27.0562374873354,48.8312691995947,69.4582132725431,3784239,0.372328756191139,0,0.00329128260662183
2023-08-13,202333,330,330,330,330,20.256479331307,26.3523753799392,33.1145439716312,30.5936903748734,50.6553659574468,69.3490202634245,3784239,0.339650323354312,0,0.00441356901612187
2023-08-20,202334,293,293,293,293,22.2739608915907,28.2437422492401,35.0601079027356,33.6492988855117,53.9379357649443,72.9721439716312,3784239,0.325688995858877,0,0
2023-08-27,202335,277,277,277,277,22.5107053698075,27.398116514691,33.3943674772036,44.6959217831814,66.2969682877406,84.1393933130699,3784239,0.285443387693008,0.103747939810356,0.023167669906684
2023-09-03,202336,221,221,221,221,23.1959878419453,28.559588449848,34.8576823708207,36.2653249240122,59.236475177305,79.553009118541,3784239,0.144155799884732,0.00132840446916804,0
2023-09-10,202337,286,286,286,286,22.305090070922,28.2063029381966,34.9466959473151,35.0520761904762,56.8988010131712,76.7445953394124,3784239,0.393108099144901,0,0.0254978609966231
2023-09-17,202338,301,301,301,301,23.2937175278622,28.9237736575481,35.7622593718338,35.3052756838906,57.5685574468085,77.0298680851064,3784239,0.337120356298849,0,0.0823970156218991
2023-09-24,202339,249,249,249,249,24.0793869300912,29.1831168186424,35.324133029382,42.1123396149949,63.3415858156028,81.4966678824721,3784239,0.233190081281864,0.00772678469832376,0.0154607042525591
2023-10-01,202340,273,273,273,273,24.0561556231003,28.8726858156028,34.9336843971631,43.37761408308,66.1611246200608,84.5156309017224,3784239,0.287354207807699,0.00846484590428881,0
2023-10-08,202341,286,286,286,286,23.9590088145897,28.5490987841945,34.368403343465,45.9615082066869,67.8385105369807,85.1639087132725,3784239,0.263847500118254,0.0178490312054815,0.000506839023645177
2023-10-15,202342,338,338,338,338,23.9182268490375,30.0214271529889,36.863267781155,34.0609746707194,56.7991606889564,77.7310850050659,3784239,0.36956994523866,0,0.0949982281774486
2023-10-22,202343,332,332,332,332,24.1777262411348,28.489180952381,34.3128176291793,46.3426195542047,68.246425633232,84.5895632218845,3784239,0.367582491486399,0.078239772910749,0.0585681824007416
2023-10-29,202344,288,288,288,288,23.688976899696,28.0434288753799,33.5695389057751,48.1352380952381,69.0594275582573,86.0746731509625,3784239,0.251829760223918,0.104420466043503,0.0564908823147798
2023-11-05,202345,364,364,364,364,23.6068094224924,29.0992827760892,35.287980952381,41.6735480243161,63.7414185410334,83.7754960486322,3784239,0.321988912433913,0.0206736413847011,0.0579236670833951
2023-11-12,202346,308,308,308,308,24.5740755825735,29.7220282674772,35.6057601823708,40.6922667679838,61.549085106383,80.6716813576494,3784239,0.226498643452488,0.0111451734417409,0.0175646939847087
2023-11-19,202347,393,393,393,393,23.9899137791287,27.4957673758865,31.7969503546099,54.961247112462,74.7364034447822,89.7582102330294,3784239,0.375293156695441,0.49335995955858,0.0548414093295904
2023-11-26,202348,368,368,368,368,23.8565034447822,28.105109118541,33.0856225937183,48.6152300911854,70.8909452887538,88.195909929078,3784239,0.339984604566466,0.168547493961137,0.03920814726554
2023-12-03,202349,377,377,377,377,23.6474394123607,27.590616514691,32.3627110435664,52.769432218845,74.2632505572442,90.600174366768,3784239,0.370069385152471,0.551935805323078,0.0765937352265541
2023-12-10,202350,278,278,278,278,24.1652936170213,28.3078758865248,33.1265637284701,50.5035534954407,72.0527788247214,89.5471913880446,3784239,0.190345007278874,0.237581452968483,0.0357474778944987
2023-12-17,202351,128,128,128,128,24.0244514690983,27.3558902735562,31.4320724417427,58.3182767983789,76.0572663627153,89.669852077001,3784239,0.0665985948561917,0.250411509421049,0.00911491055401099
2023-12-24,202352,235,235,235,235,23.8128321175279,27.5303263424519,31.9720890577508,56.8627668693009,76.8397152988855,91.4682027355623,3784239,0.28529012041787,0.481457698628443,0.093857443993363
2023-12-31,202401,854,854,854,854,22.9912761904762,25.4152863221885,28.5644393110436,71.8887021276596,86.4495242147923,96.0276688956434,3784239,0.734611899512689,0.749728280904034,0.546182204665192
2024-01-07,202402,953,953,953,953,22.9227891590679,25.5565861195542,28.8639430597771,69.1343609929078,84.0092061803445,94.300137993921,3784239,0.820091172888393,0.747188536453432,0.631225459068521
2024-01-14,202403,1288,1288,1288,1288,23.433374366768,26.9786052684904,31.2627798378926,59.6632105369807,78.6407828774063,92.4495500506586,3784239,0.918290837338762,0.676207290290069,0.206171438960383
2024-01-21,202404,1488,1488,1488,1488,23.3132712259372,26.2960913880446,29.7541557244174,64.8564847011145,81.2471105369807,93.1841423505572,3784239,0.882032820865701,0.758358549763902,0.289282204427363
2024-01-28,202405,1937,1937,1937,1937,22.9394988855117,26.1965976697062,30.0395782168186,63.1346298885512,79.5818163120567,92.5509686930091,3784239,1.02451166535729,0.401390081334715,0.292338036788903
2024-02-04,202406,2213,2213,2213,2213,23.1922367781155,26.1773883485309,30.0976978723404,65.7693539007092,82.8080029381966,94.2901972644377,3784239,1.1128924468037,0.796090574617512,0.524464496032095
2024-02-11,202407,2446,2446,2446,2446,23.4627580547112,26.8570852077001,31.1151625126646,59.5910897669706,79.0296523809524,92.5504965552178,3784239,1.46623138760528,0.78825623857267,0.495091087005868
2024-02-18,202408,2814,2814,2814,2814,23.1667144883485,25.5361922998987,28.8586690982776,71.2371207700101,85.8778978723404,95.0468752786221,3784239,1.44914235068134,0.850646325456717,0.445107721790299
2024-02-25,202409,2756,2756,2756,2756,23.2375686930091,27.3212882472138,32.1072590678825,54.6597756838906,76.3691251266464,92.3764739614995,3784239,1.46831370851577,0.766953672852058,0.446624539306318
2024-03-03,202410,2366,2366,2366,2366,23.4051883485309,26.4121197568389,30.4269835866261,65.3922848024316,83.3961072948328,95.137001621074,3784239,1.40000988309671,0.83312866867024,0.0825946775560423
2024-03-10,202411,2738,2738,2738,2738,24.3145728470111,27.7560634245187,32.0374169199595,59.7737342451874,79.5802993920973,93.1369989868288,3784239,1.46941749715068,0.866577401691595,0.0823240815392474
2024-03-17,202412,2781,2781,2781,2781,24.0336472137791,27.0420543059777,30.9982417426545,63.6366399189463,81.3373381965552,93.1303706180344,3784239,1.46529645722694,0.738623538312459,0.174342318230957
2024-03-24,202413,2368,2368,2368,2368,22.6647613981763,24.8661839918946,28.0752306990881,74.7846575481256,88.9951101317123,97.2853935157042,3784239,1.41873200926263,0.769552610181334,0.180478822822766
2024-03-31,202414,3356,3356,3356,3356,23.4059740628166,26.469716514691,30.3891260385005,66.4701595744681,84.2554053698075,95.9389877406282,3784239,1.4910514372903,0.869691369916118,0.521524406888677
2024-04-07,202415,3474,3474,3474,3474,23.2452909827761,25.6829875379939,29.0347732522796,72.5205673758865,87.3792514690983,96.5795224924012,3784239,1.55752371877146,0.848171323217165,0.579126741202128
2024-04-14,202416,4077,4077,4077,4077,23.264740526849,26.0004229989868,29.7876457953394,68.0616329280648,84.5417212765958,94.7018199594732,3784239,1.60757843254615,0.84474025028546,0.206593188220934
2024-04-21,202417,3959,3959,3959,3959,22.7804558257345,26.4398453900709,30.6836933130699,60.216799189463,79.8519596757852,93.085090881459,3784239,1.48466547699551,0.507906345238765,0.109919854427799
2024-04-28,202418,4070,4070,4070,4070,22.9593912867275,26.9772030395137,31.5735548125633,52.283496656535,73.7284609929078,88.6779509625127,3784239,1.5037617867159,0.278597889826726,0.390642081538719
2024-05-05,202419,4024,4024,4024,4024,22.4804260385005,27.1238473150963,32.2101434650456,42.6231350557244,65.0182218844985,82.390648733536,3784239,1.50513379308231,0.00565027737412991,0.181955737996464
2024-05-12,202420,3357,3357,3357,3357,21.1726427558257,25.7701821681864,31.1456460992908,45.8831803444782,67.3712134751773,83.7183406281662,3784239,1.42943376462216,0,0.0261669519287762
2024-05-19,202421,2596,2596,2596,2596,21.2043931104357,25.6050393110436,30.6266194528875,45.3660534954407,65.8205661600811,81.600077710233,3784239,1.40192387425847,0,0.0155785615020616
2024-05-26,202422,1633,1633,1633,1633,18.4016572441743,22.9860530901722,28.6368984802432,45.8175021276596,66.2337124620061,80.9352567375886,3784239,0.963272932814233,0,0.000890799973257503
2024-06-02,202423,1874,1874,1874,1874,20.2317965552178,25.3862661600811,31.3500271529889,34.325733839919,55.4967491388045,72.1340503546099,3784239,1.17844221784089,0,0.277756505337004
2024-06-09,202424,1600,1600,1600,1600,20.5985501519757,25.9301657548126,32.2302700101317,31.1104731509625,51.8484968591692,68.714654508612,3784239,0.948306647650954,0,0.0884188340112768
2024-06-16,202425,1577,1577,1577,1577,20.7128456940223,26.0071674772036,32.1305643363729,30.4173145896657,50.6106614994934,67.37505704154,3784239,0.951559613438792,0,0.060004666724274
2024-06-23,202426,1203,1203,1203,1203,20.5629630192503,25.9387315096251,32.0310118541033,30.295332218845,51.0572403242148,68.6479143870314,3784239,0.850119931642795,0,0.00169968123049311
2024-06-30,202427,1158,1158,1158,1158,20.2164046605876,25.6019489361702,31.909295035461,29.5927954407295,48.5610707193516,64.5608139817629,3784239,0.871967388951914,0,0.0668771184906662
2024-07-07,202428,811,811,811,811,18.6652779128673,24.1124171225937,30.330100810537,35.050059473151,53.9348710233029,70.6353980749747,3784239,0.818791043588949,0,0
2024-07-14,202429,714,714,714,714,17.8242885511651,23.8533977710233,30.6501773049645,28.137473556231,47.8627469098278,65.3105766970618,3784239,0.786854107259082,0,0.0527709798456176
2024-07-21,202430,640,640,640,640,19.0594715298886,25.5687700101317,32.6479103343465,23.0440080040527,40.9423128672746,58.1284716312057,3784239,0.526854672762476,0,0.00319852947977123
2024-07-28,202431,698,698,698,698,21.1263931104357,27.213287639311,33.871149544073,23.0426582573455,40.1845664640324,56.4416223910841,3784239,0.765072977684549,0,0.0844027028948224
2024-08-04,202432,599,599,599,599,20.0274606889564,25.8558920972644,32.3089012158055,24.6874526849037,40.6496732522796,55.5847460992908,3784239,0.494891046786421,0,0.0327756782803623
2024-08-11,202433,500,500,500,500,19.9585806484296,26.5272298885512,33.9341647416413,22.0297941236069,37.0107720364742,51.2429286727457,3784239,0.436582361737723,0,0.00588863441236138
2024-08-18,202434,474,474,474,474,22.6338951367781,29.2322730496454,36.0500962512665,19.5769616008105,34.054932218845,49.4398210739615,3784239,0.589353368008733,0,0
2024-08-25,202435,410,410,410,410,20.7797498480243,27.1550237082067,34.1158993920973,23.3785557244174,38.2885945288754,52.7831561296859,3784239,0.420906819046049,0,0.0277715017471148
2024-09-01,202436,415,415,415,415,22.2339521783181,29.530547112462,36.952727254306,16.9642141843972,32.2626364741641,48.4523183383992,3784239,0.598249212060866,0,0
2024-09-08,202437,445,445,445,445,23.3158253292806,30.2948686930091,37.2664783181358,17.2074970618034,30.7241650455927,44.9087342451874,3784239,0.471698272757085,0,0.0783676718093123
2024-09-15,202438,434,434,434,434,24.1925728470111,30.3971978723404,36.6082824721378,24.3495462006079,42.5063235055724,61.0590032421479,3784239,0.466142598287265,0,0.0109123657358851
2024-09-22,202439,299,299,299,299,24.99605704154,30.8165316109422,36.7732721377913,26.9839312056738,43.7830917933131,61.5941591691996,3784239,0.274607919848614,0,0
2024-09-29,202440,335,335,335,335,25.3014053698075,30.7726515704154,36.62144295846,30.4901970618034,49.8300554204661,68.49097852077,3784239,0.360178889335478,0,0
2024-10-06,202441,327,327,327,327,25.3654693009119,30.6627761904762,36.2151547112462,34.7457043566363,53.555651266464,72.4581862208713,3784239,0.248015519104369,0,0.0145471784419536
2024-10-13,202442,340,340,340,340,23.8287093211753,27.6131874366768,31.9609745694022,51.971723100304,70.9271577507599,86.6818715298886,3784239,0.385428351644809,0.148125158056877,0.00357746960485318
2024-10-20,202443,328,328,328,328,23.7031857142857,27.2188653495441,31.4295935157042,56.463341337386,75.0335663627153,89.8476667679838,3784239,0.266899104417031,0.245733422228353,0.0182269143148728
2024-10-27,202444,399,399,399,399,23.2079718338399,26.2659121580547,30.0580571428571,62.6788202634245,80.3580396149949,93.3393351570415,3784239,0.310719539648526,0.612697031027903,0.0527709798456176
2024-11-03,202445,458,458,458,458,22.7959722391084,25.4827618034448,28.9862228976697,67.4729918946302,83.7361568389058,94.4747505572442,3784239,0.356053885602891,0.695123907343062,0.0663779428307779
2024-11-10,202446,540,540,540,540,22.3952920972644,25.1955616008105,28.6791439716312,67.6866259371834,82.5162679837893,93.5911869300912,3784239,0.343560488647784,0.646090534979424,0.102972354547374
2024-11-17,202447,622,622,622,622,22.822657852077,25.8912587639311,29.7529043566363,64.3379450861195,81.7684043566363,94.2173789260385,3784239,0.416985555087826,0.691326049966717,0.0704598731739724
2024-11-24,202448,796,796,796,796,23.0593959473151,26.0633328267477,29.8933800405268,63.8643642350557,80.8782284701115,92.8532377912867,3784239,0.528299613211533,0.549134977996897,0.152554053800513
2024-12-01,202449,1192,1192,1192,1192,22.8183408308004,25.6052715298886,29.0973331306991,66.6867078014184,83.2772250253293,94.455369402229,3784239,0.883070546019953,0.703777166294201,0.486582639204342
2024-12-08,202450,1226,1226,1226,1226,23.2471864235056,27.0081088145897,31.6064531914894,56.2527489361702,77.3265761904762,92.4993331306991,3784239,0.845156714467559,0.657034082678182,0.385821561481714
2024-12-15,202451,1253,1253,1253,1253,22.8265948328267,25.8874835866261,29.8509760891591,64.8796708206687,82.617752077001,94.6733146909828,3784239,0.832370524166153,0.678594031719455,0.305177870636606
2024-12-22,202452,1200,1200,1200,1200,22.4343731509625,24.7950757852077,27.9108340425532,72.060862816616,86.7228393110436,96.3478902735562,3784239,0.900599037217258,0.4870907994976,0.200964051160616
2024-12-29,202501,1870,1870,1870,1870,22.5417208713273,25.6551993920973,29.7242455927052,64.7244019250253,82.3444700101317,94.6791147922999,3784239,1.20244598715884,0.737373353004395,0.523956864246682
2025-01-05,202502,2808,2808,2808,2808,22.5418394123607,24.9919718338399,28.4003806484296,70.9245752786221,86.4348108409321,96.1040904761905,3784239,1.31912889222906,0.777599934887833,0.629755150242889
2025-01-12,202503,3403,3403,3403,3403,22.2226249240122,24.3526370820669,27.4681951367781,73.966485106383,88.1185035460993,96.3223435663627,3784239,1.40160650529737,0.573185520259159,0.691462933498651
2025-01-19,202504,3830,3830,3830,3830,21.7792671732523,25.1044047619048,29.221284295846,64.9600164133739,82.9681565349544,95.5730316109423,3784239,1.45984146350164,0.507329478925618,0.564307116965921
2025-01-26,202505,3706,3706,3706,3706,22.8303650455927,26.1084866261398,30.2017913880446,62.8240369807497,81.4911805471125,94.5357465045593,3784239,1.53384260349307,0.821647099984964,0.247906382234314
2025-02-02,202506,3526,3526,3526,3526,22.3366918946302,25.2564225937183,29.0632580547112,64.9860299898683,82.6820730496454,93.9173395136778,3784239,1.52655923687695,0.592678210863532,0.18395376190563
2025-02-09,202507,3600,3605,3600,NA,22.2502460992908,25.0339605876393,28.6803936170213,67.4134891590679,84.0641251266464,95.0107978723404,3784239,1.57566290078402,0.575390190735839,0.122332653936498
2025-02-16,202508,3319,3339,3319,NA,22.5989137791287,26.3543765957447,31.0084617021277,58.5746288753799,79.8595940222898,94.4017517730496,3784239,1.58773269870111,0.760375071447654,0.104005851638863
2025-02-23,202509,2444,2484,2444,NA,22.777724822695,25.6025452887538,29.4679816616008,65.8582207700101,83.9350705167173,95.3727600810537,3784239,1.39502843240081,0.768458598941557,0.0193227753321077
2025-03-02,202510,2499,2562.5,2500,NA,22.3871947315096,25.405019047619,29.4807078014184,64.1047907801418,83.1249320162107,94.9892215805471,3784239,1.2038349057763,0.545730066203535,0.0371728635532798
2025-03-09,202511,2666,2765,2670,NA,22.632247112462,26.227201621074,31.0548444782168,58.8972121580547,80.342874366768,94.2304412360689,3784239,1.24447081698593,0.519444992771334,0.0646853964561964
2025-03-16,202512,2232,2385,2242,NA,22.8767209726444,26.5131552178318,30.9561624113475,59.7413939209726,79.9119459979737,93.8647342451874,3784239,1.00083266411027,0.759299822236386,0.0776520721867726
2025-03-23,202513,2032,2260.5,2049,NA,22.6995072948328,25.521785106383,29.208737183384,68.8889495440729,85.1659078014184,96.0528155015198,3784239,1.10129434213854,0.778058151189711,0.0209756836182916
2025-03-30,202514,1766,2151,1806,NA,22.5169290780142,25.6175085106383,29.7198160081054,65.3893733535968,83.404347922999,95.0622189463019,3784239,0.891457965524905,0.720323689914934,0.0130610143809627
2025-04-06,202515,1294,2068,1397,NA,22.0653591691996,25.0757940222898,29.0794298885512,67.1569716312057,84.3817529888551,95.4363762917933,3784239,0.926431972187803,0.337341801086031,0.0299716799071095
2025-04-13,202516,368,2148.5,656,NA,22.5109645390071,25.2429487943262,29.1082956028369,69.0137540425532,86.4615188652482,97.0615906382979,3784239,0.849431285920366,0.532999897733732,0.0182314066315579
