"ew_start","ew","sum_of_cases","cases_est_id","cases_est_id_min","cases_est_id_max","mintemp_mean","meantemp_mean","maxtemp_mean","minumid_mean","meanumid_mean","maxumid_mean","pop","inc_level","receptive","transmission"
2017-12-31,201801,164,164,164,164,22.6843455945252,23.351497005988,24.5757057313944,77.7932426518392,86.8944406544055,91.443355182207,3534165,0.354912122099562,0.00865833938143805,0.342206150533436
2018-01-07,201802,138,138,138,138,22.082121471343,23.2027658956373,24.3952095808383,77.7323470051326,85.8111270410607,91.400443734816,3534165,0.376929486880211,0,0.00319481405084369
2018-01-14,201803,152,152,152,152,22.5431993156544,23.5983724294269,25.0624465355004,74.3082551719418,84.3300347989734,91.1280570983747,3534165,0.366484020978081,0.00865833938143805,0.0051822707768313
2018-01-21,201804,131,131,131,131,22.0838323353293,23.5877268520103,25.5808383233533,73.8983951300256,85.8938694003422,95.4456858443113,3534165,0.348595778635123,0,0
2018-01-28,201805,171,171,171,171,22.6612489307101,23.4202736441403,24.6295979469632,81.5468142780154,88.8118731428572,93.6932518733961,3534165,0.352924665373575,0,0.251963335045195
2018-02-04,201806,225,225,225,225,22.8023952095808,23.968458251497,25.4987168520103,78.1737603558597,87.5001594191617,93.4786223336184,3534165,0.370812907716533,0.101632210154308,0.264669306611321
2018-02-11,201807,262,262,262,262,21.6372968349016,22.5077939349872,23.6680923866552,84.8361653096664,91.1827305560308,96.2389029426861,3534165,0.361814176757452,0.09297387077287,0.255512688287049
2018-02-18,201808,331,331,331,331,22.3207869974337,23.2463047356715,24.4405474764757,84.4135889204448,91.3782157331052,97.1137795209581,3534165,0.398488751939992,0.09297387077287,0.345007377980372
2018-02-25,201809,487,487,487,487,21.8631308810949,24.1300055363559,27.6005132591959,68.7496163062447,85.3372595568862,98.7167692472199,3534165,0.733328523144788,0.0959505286255735,0.364275012626745
2018-03-04,201810,565,565,565,565,22.8323353293413,23.5928063815227,24.4114627887083,86.8180844910179,91.6902437750214,95.9937944414029,3534165,0.706422592040836,0.09297387077287,0.314882581882849
2018-03-11,201811,761,761,761,761,22.7108639863131,23.6107553259196,24.4730538922156,83.3211407750214,88.2649657587682,93.2357752728828,3534165,0.707204955060106,0.0027514278478792,0.288018527714467
2018-03-18,201812,630,630,630,630,22.6330196749358,23.4048874550898,24.3866552609067,83.1479293173653,89.6980436800685,93.1412709529512,3534165,0.659270577349954,0,0.261911936765827
2018-03-25,201813,671,671,671,671,21.9717707442258,22.8602534285714,24.7382378100941,82.9360246997433,90.7321525808383,96.4207568349016,3534165,0.706277720479944,0.0964323963368999,0.0141812846881795
2018-04-01,201814,913,913,913,913,22.6073567151411,23.1895016287425,23.9828913601368,88.9516835209581,93.4902183019675,96.7801137724551,3534165,0.721454148292454,0.0964703119407272,0.272737124610764
2018-04-04,201815,1052,1052,1052,1052,21.8109495295124,22.589781774166,23.8828058169375,85.1515668708298,93.7382938648417,106.897776107784,3534165,0.764916182464599,0.101107899602876,0.39387606407737
2018-04-15,201816,1296,1296,1296,1296,21.6621043627032,22.8254657467921,24.1745081266039,85.4081142720273,91.7299975697177,96.4440910863987,3534165,0.861445914381473,0.106920022126867,0.382173441251328
2018-04-22,201817,1352,1352,1352,1352,21.5491873396065,24.0786286449957,27.4337040205304,67.8894167613344,86.3882493952096,97.6068759794696,3534165,0.85943978280584,0.109671449974747,0.299265880342316
2018-04-29,201818,1410,1410,1410,1410,21.8340461933276,24.2061008143713,27.8126603934987,67.2654710556031,86.0457482164243,106.158847339607,3534165,0.940274718356387,0.101107899602876,0.156124855517498
2018-05-06,201819,1170,1170,1170,1170,21.2643284858854,23.9015183763901,27.8340461933276,65.6780993113773,85.5900497219846,97.9157368605646,3534165,0.950172671621161,0.106920022126867,0.156776211636978
2018-05-13,201820,1179,1179,1179,1179,21.4063301967494,24.0834049409752,27.5526090675791,69.3633725064157,87.3672413447391,98.9824647562019,3534165,0.93656549708347,0.109322569829083,0.0251745461799322
2018-05-20,201821,1136,1136,1136,1136,21.0076988879384,22.6522894935843,24.6073567151411,80.4172005526091,92.2065588793841,98.9235328588537,3534165,0.996650128106639,0.117201941618459,0.0726457310284042
2018-05-27,201822,926,926,926,926,20.4251497005988,21.4067966723695,22.3455945252352,88.3245488793841,94.5225009931566,98.3074394354149,3534165,0.898001083707184,0.107045087029044,0.0138372147310609
2018-06-03,201823,1064,1064,1064,1064,20.8340461933277,21.7919743917878,22.7467921300257,91.845279396065,96.0001837177074,98.9764816184773,3534165,0.910046078776741,0.107231552573239,0.0201057392623151
2018-06-10,201824,1172,1172,1172,1172,20.1146278870829,21.1581303575706,22.2840034217279,86.626795245509,93.9410855038494,97.5713004448246,3534165,0.950746498819382,0,0.0565743251942114
2018-06-17,201825,1081,1081,1081,1081,19.9093242087254,20.9130570863987,22.0222412318221,85.4524926552609,91.8537193122327,96.5140725355005,3534165,0.908981612346905,0.0130361768621442,0.0442081793011928
2018-06-24,201826,835,835,835,835,18.9426860564585,20.3411527493584,21.4952951240377,84.6604069888794,91.8957520461933,96.3223277724551,3534165,0.878185936423455,0,0
2018-07-01,201827,919,919,919,919,19.7433704020531,21.0173575260907,22.2566295979469,86.5427021693755,93.4835301864842,97.730038881095,3534165,0.984625505600333,0.011035138427323,0.199797406176565
2018-07-08,201828,873,873,873,873,19.7664670658683,20.6021595106929,21.7955517536356,87.6573548349016,93.1529248699743,96.5904986843456,3534165,0.938926733754649,0.0931945735414164,0.117134033074291
2018-07-15,201829,1054,1054,1054,1054,19.1377245508982,21.9587030915312,25.5731394354149,63.1781418477331,80.6042453139435,95.0357837502138,3534165,0.924133989216689,0,0.141149606767086
2018-07-22,201830,776,776,776,776,19.8571428571428,23.3152265970916,27.8597091531223,52.375386106929,74.5584000444824,93.435690414029,3534165,0.912422028965824,0.0115291730861462,0.104744119190813
2018-07-29,201831,730,730,730,730,19.9418306244654,23.3876829786142,28.4610778443113,53.0583036937553,77.8408411248931,95.2727319230111,3534165,0.86362153436526,0.0117948652652041,0.026679852242326
2018-08-05,201832,722,722,722,722,20.2754491017964,23.9664956544055,29.0290846877673,49.6168902865697,75.8801036338751,94.8839979178785,3534165,0.869762730376199,0.010606748694529,0.00968092887570331
2018-08-12,201833,598,598,598,598,20.7100085543199,22.0904493755347,24.1445680068435,76.6497335098375,87.5353798023952,94.0330624003422,3534165,0.816923658063503,0.00194840931309093,0.0158385361181495
2018-08-19,201834,587,587,587,587,19.8246364414029,20.9690334816082,22.0846877673225,79.3042737810094,87.7234736381522,92.755042829769,3534165,0.802401698845413,0.0108690454463784,0.00596491674836913
2018-08-26,201835,575,575,575,575,19.7348160821215,20.7304094576561,21.7194183062447,78.2896478853721,86.339319271172,92.3573243592814,3534165,0.786796881300109,0.00968092887570331,0.0135392659935232
2018-09-02,201836,417,417,417,417,20.191616766467,21.3110665474765,22.4054747647562,80.3021246843456,88.0631302053037,94.0008376834902,3534165,0.489892237628973,0.00968092887570331,0
2018-09-09,201837,404,404,404,404,20.2446535500427,21.2068380085543,22.2865697177075,74.5871006056458,83.7541969674936,90.4903664944397,3534165,0.50027460517548,0.00247356872132456,0.00818750680853893
2018-09-16,201838,323,323,323,323,21.0633019674935,21.8742879041916,22.8699743370402,79.8625136954662,88.6035131522669,93.9907079692044,3534165,0.473924392324637,0,0.00451676704398352
2018-09-23,201839,260,260,260,260,21.2805816937553,21.9628821402909,23.2455089820359,79.0891731497006,87.4859132318221,93.3232667425149,3534165,0.39661673973909,0,0
2018-09-30,201840,268,268,268,268,21.3738237810094,23.3456367185629,26.409751924722,62.1435018092387,79.3283646766467,90.5470729700598,3534165,0.366249736500701,0.00865833938143805,0
2018-10-07,201841,253,253,253,253,21.1753635585971,24.8887198597091,30.2395209580838,43.4682020684346,70.4271412788708,90.4351037912746,3534165,0.39027040333431,0.0106593778162593,0
2018-10-14,201842,231,231,231,231,22.125748502994,24.6781240461933,29.0342172797263,53.2904883815227,76.3008528699743,91.0686808246364,3534165,0.362435822888858,0,0
2018-10-21,201843,184,184,184,184,21.9401197604791,22.6038958716852,24.0667236954662,75.086261132592,85.5054926723696,90.8721602737382,3534165,0.381773629697538,0,0
2018-10-28,201844,187,187,187,187,22.2591958939264,22.923620352438,24.1351582549187,78.7221592899915,86.6865903498717,91.556113043627,3534165,0.362246527821989,0.00865833938143805,0
2018-11-04,201845,245,245,245,245,22.1762189905902,22.9905591411463,23.7296834901626,78.9426344431138,85.5220603721129,91.1739833875107,3534165,0.387135009259613,0.00200103843482124,0.264145844916692
2018-11-11,201846,216,216,216,216,21.9709153122327,22.6948285235244,23.8434559452523,77.4359389709153,86.7010694071856,91.105782516681,3534165,0.374618332760355,0.0106593778162593,0
2018-11-18,201847,174,174,174,174,22.349871685201,23.367905748503,24.2095808383234,77.2019366124893,82.9255129341317,88.6590831257485,3534165,0.351432941020015,0.00200103843482124,0.00170308969728352
2018-11-25,201848,253,253,253,253,22.2591958939264,22.9701609751924,23.9769033361848,82.1555448006844,88.8316516680924,94.3401432027374,3534165,0.351432941020015,0.00200103843482124,0.251963335045195
2018-12-02,201849,163,163,163,163,23.2053036783575,24.2359636937554,26.1283147989735,75.3469273130881,85.9878524978614,95.2769451907613,3534165,0.364138912586141,0.0957199225276692,0
2018-12-09,201850,199,199,199,199,22.1206159110351,25.3579268160821,30.1813515825492,48.2737385106929,73.4407446330197,91.4385095055603,3534165,0.351432941020015,0.00345201766188053,0.0850605447114099
2018-12-16,201851,162,162,162,162,21.4345594525235,25.3424579178785,30.0444824636441,48.7003732771599,72.5546824482463,93.497205194183,3534165,0.362747636287496,0.00200103843482124,0
2018-12-23,201852,150,150,150,150,21.8699743370402,23.7894227493584,26.956372968349,63.9166353327631,82.3350092917023,93.7737278135158,3534165,0.361044546590213,0.00200103843482124,0
2018-12-30,201901,204,204,204,204,22.5449101796407,23.3952095808384,24.9546621043627,76.2082058819504,86.8644423156544,92.7136061334474,3534165,0.352794790282853,0.00865833938143805,0.251963335045195
2019-01-06,201902,201,201,201,201,22.3532934131737,23.2026518391788,24.35500427716,77.6272354739094,86.4118068203593,91.6446970162532,3534165,0.398713698992548,0.105084227816189,0.266481049979274
2019-01-13,201903,211,211,211,211,22.158254918734,25.3289062463644,29.7904191616766,54.5882153892215,76.5818389461078,94.5353598032506,3534165,0.345996862059355,0.0885125623732904,0
2019-01-20,201904,191,191,191,191,22.4379811804961,26.1510548075278,31.2694610778443,45.4266140393499,71.3600937177074,92.3157101933277,3534165,0.289073090814945,0.0951956119762377,0.00200103843482124
2019-01-27,201905,200,200,200,200,22.2378100940975,26.016823685201,31.4174508126604,47.4292413002566,72.2845546492729,92.629139372113,3534165,0.372132597091534,0.104414762751598,0.0850605447114099
2019-02-03,201906,201,201,201,201,22.606501283148,24.328149219846,27.6757912745937,69.7894056372968,87.7672174157399,97.131851736527,3534165,0.373089824612037,0.106605379205555,0
2019-02-10,201907,274,274,274,274,22.9443969204448,23.7449101796407,24.8314798973482,81.3361202959795,88.8596883832335,95.5069497348161,3534165,0.396349349846428,0.0957199225276692,0.261662372866009
2019-02-17,201908,258,258,258,258,23.1522668947818,24.0208544670658,25.0769888793841,85.5851662446535,91.5604252985457,96.9843312763045,3534165,0.405625091075261,0.111767277419136,0
2019-02-24,201909,280,280,280,280,22.5893926432848,23.5826582378101,24.562874251497,84.7373429341317,91.7617627296835,97.1700725594526,3534165,0.401811460415685,0.0907263809131719,0.0113146952674819
2019-03-03,201910,327,327,327,327,22.2198460222413,23.0286180769889,24.1026518391788,86.144400471343,92.5349829136014,96.9322043541488,3534165,0.408649284908882,0.0884794569580085,0.0884794569580085
2019-03-10,201911,456,456,456,456,22.0479041916167,23.1976046963217,24.2463644140291,86.7743144773311,92.7115433284859,97.7778299572284,3534165,0.70474015785907,0.122442500562368,0.264355229594544
2019-03-17,201912,492,492,492,492,22.759623609923,23.9257406928999,25.2763045337896,79.2117077219846,89.0208653139435,94.9975044054748,3534165,0.696658475198526,0.124974923355305,0.294847014782841
2019-03-24,201913,616,616,616,616,22.5585970915312,23.495994829769,24.7801539777588,84.4861558887938,91.1749626124893,95.7562458853721,3534165,0.793357695523554,0.123585627722531,0.366733301925632
2019-03-31,201914,1010,1010,1010,1010,22.4944396920445,23.3488606621044,24.3199315654405,86.2745825731394,92.1030853652695,94.658577005988,3534165,1.08443154182105,0.14772768107884,0.43549664489349
2019-04-07,201915,1304,1304,1304,1304,22.6638152266895,23.904418590248,25.5799828913601,80.2516021060736,89.9103942284003,97.0262497604791,3534165,1.08237164931462,0.136364883925906,0.490879458089818
2019-04-14,201916,1470,1470,1470,1470,22.1231822070145,23.4518328049615,25.3011120615911,81.6688645269461,91.1214016980325,98.3089238152267,3534165,1.1023693008108,0.144443171159241,0.365062185834561
2019-04-21,201917,1395,1395,1395,1395,22.2352437981181,23.575110520958,25.3892215568863,81.1260288169376,90.2105722463644,96.8045249272883,3534165,1.07321701165622,0.142880708738839,0.275073744434683
2019-04-28,201918,1812,1812,1812,1812,22.3507271171942,23.5916501009409,25.2437981180496,81.4143043421728,89.9237261659538,96.483344251497,3534165,1.13841459015071,0.124576243610584,0.483564859026107
2019-05-05,201919,1716,1716,1716,1716,22.5671514114628,23.3435728485886,24.4285714285715,82.005181748503,88.6736311052182,93.7356190624465,3534165,1.15266180271719,0.0139288912656879,0.500121245046567
2019-05-12,201920,1819,1819,1819,1819,22.508126603935,23.4382144431138,24.6030795551754,85.1948317399487,90.7797457082977,95.0743147305389,3534165,1.22549088681485,0.0187968020734742,0.312402788211643
2019-05-19,201921,1981,1981,1981,1981,22.4833190761335,23.1073182378101,24.0573139435415,88.1641390744226,92.7770990829769,96.8679459982892,3534165,1.21702212545255,0.12003372791027,0.291921854242798
2019-05-26,201922,1982,1982,1982,1982,21.5072711719419,22.5257019332763,23.8203592814372,84.7916813652695,91.1282087493584,96.413334491018,3534165,1.25000473945048,0.017788926097112,0.0790031025716117
2019-06-02,201923,1935,1935,1935,1935,21.0230966638152,22.1753634627887,23.508126603935,80.9550779931566,88.4948183396065,94.4000952745937,3534165,1.28235042789457,0.0133728900603113,0.0983533592800563
2019-06-09,201924,1742,1742,1742,1742,21.6792130025663,22.7133581659538,24.1881950384944,78.1527533618477,86.0893626775021,92.240414112917,3534165,1.15895098276396,0.00986230127908573,0.0568453934663492
2019-06-16,201925,1676,1676,1676,1676,20.8177929854576,21.5957462959794,22.6698032506416,83.21662241574,90.4261757125748,95.0658597040205,3534165,1.14989481249461,0.011313280506145,0.0500437868633751
2019-06-23,201926,1424,1424,1424,1424,20.1035072711719,21.2579515585971,22.3011120615911,84.3948432917023,90.560319358426,96.7425824328486,3534165,1.04392522703383,0.0134589075495909,0.0136598036594217
2019-06-30,201927,1466,1466,1466,1466,21.4174508126604,21.8966484944397,22.7014542343884,87.1406042172797,92.0625856715141,95.9843241402909,3534165,1.11389309780387,0.0200638623267448,0.0379139061136082
2019-07-07,201928,1464,1464,1464,1464,20.64499572284,21.4396375637297,22.5320786997433,84.0930179726262,90.184619924722,95.6714174371258,3534165,1.11631290559439,0.0115784067806681,0.0573702699223155
2019-07-14,201929,1312,1312,1312,1312,19.7861420017109,20.9556808656972,22.0496150556031,82.7354267433704,90.4370798263473,97.1501213105218,3534165,1.00611488145007,0.0185497847440626,0.0266685341516313
2019-07-21,201930,1254,1254,1254,1254,20.0256629597947,20.8167351753635,21.4559452523524,87.3478235705731,91.5925033943542,97.1740267579127,3534165,0.97393528598693,0,0.0394387358824503
2019-07-28,201931,1095,1095,1095,1095,19.8451668092386,20.8750289597947,21.8340461933277,88.3537354439692,91.4284678477331,97.4896689751924,3534165,1.02127744460148,0.0172872517270699,0.0861550040815865
2019-08-04,201932,1053,1053,1053,1053,19.5124037639008,20.571350855432,21.5919589392643,85.5525494559453,90.3842564345594,95.415070942686,3534165,0.972985698177646,0,0.121183928877118
2019-08-11,201933,840,840,840,840,19.9298545765612,20.8137489888794,21.5654405474765,86.9975804482464,92.1308315380667,96.2108467784431,3534165,0.813718091826499,0.0115246458498684,0.0387556891090257
2019-08-18,201934,731,731,731,731,19.7852865697177,21.0449006723696,22.5893926432849,80.9172320863986,88.9910055970915,94.9989296715141,3534165,0.91588310110026,0.0131417180578722,0.0119787842389928
2019-08-25,201935,630,630,630,630,19.8999144568007,20.900925873396,21.7912745936698,82.9343303678357,88.408747037639,93.2016711924722,3534165,0.629560589276392,0,0
2019-09-01,201936,670,670,670,670,20.333618477331,21.3200089820359,22.0581693755347,86.596762728828,92.1995479452523,95.5227023952095,3534165,0.906548505799814,0.0106593778162593,0.0944856847374132
2019-09-08,201937,515,515,515,515,20.246364414029,20.9985694011976,22.0684345594526,86.537162176219,92.8777394987168,95.9661219127459,3534165,0.530937010581,0.0141589314590575,0.00451676704398352
2019-09-15,201938,481,481,481,481,20.4491017964072,21.2552217998289,22.2908468776732,85.6412568006844,91.9497497621899,95.9539411599658,3534165,0.530111921769357,0.0121578930242363,0.0200966847897594
2019-09-22,201939,385,385,385,385,20.9914456800685,21.6367991171942,22.6372968349017,84.1503291206159,90.3940598562874,94.6050122532078,3534165,0.483408386422252,0.0128963984420648,0.0110170294822115
2019-09-29,201940,344,344,344,344,21.2044482463644,21.9554269717707,23.3011120615911,82.9724090162532,88.9460744302823,93.7160285081266,3534165,0.445037795349114,0.0143261562490716,0.00865833938143805
2019-10-06,201941,401,401,401,401,21.1779298545765,21.945073483319,23.2420872540633,79.1664885765612,87.3534825397776,91.5797576578272,3534165,0.418820570063933,0.0136380163348344,0.262072653653692
2019-10-13,201942,391,391,391,391,21.196749358426,21.9257328485885,23.3763900769888,80.8756833344739,90.3163371377245,94.9201632540633,3534165,0.354857795264228,0.0166146741875379,0.26399984154673
2019-10-20,201943,238,238,238,238,21.4858853721129,22.4260075825492,23.7878528656972,79.3247775988024,88.584248786142,94.0766079589392,3534165,0.38543503203727,0.0158829596241262,0
2019-10-27,201944,167,167,167,167,21.0136869118905,21.8939053498717,23.4123182207014,77.7148672027374,87.8303689272883,92.5779199520958,3534165,0.35471575322601,0,0
2019-11-03,201945,192,192,192,192,21.6236099230112,22.4253207869974,23.1214713430282,83.1216584961506,88.3436944927288,92.5148859743371,3534165,0.385929349648361,0.00865833938143805,0
2019-11-10,201946,162,162,162,162,21.535500427716,22.5086087562019,23.5748502994012,78.7180958973481,87.3670175192472,93.053950176219,3534165,0.380028380112417,0.00865833938143805,0
2019-11-17,201947,161,161,161,161,21.9093242087254,22.6926121779298,23.6313088109495,78.3378307647562,85.8354058323353,90.5078680085543,3534165,0.346057413844572,0.00865833938143805,0
2019-11-24,201948,179,179,179,179,22.6792130025663,23.2340150863986,24.1445680068435,79.7471626056458,86.3047120615911,90.0200698956373,3534165,0.369359947823602,0.00865833938143805,0.0105965624129038
2019-12-01,201949,130,130,130,130,22.5329341317365,23.0795085166809,24.2053036783575,77.5266470017108,85.7733556621043,90.2750888143713,3534165,0.356653976257475,0.00865833938143805,0
2019-12-08,201950,120,120,120,120,22.5654405474765,23.269694378101,24.1514114627887,78.5474281206159,85.0660777656116,89.8256578785286,3534165,0.288523880463985,0.00865833938143805,0
2019-12-15,201951,119,119,119,119,22.7587681779299,23.3395831719419,24.3199315654405,77.3528119615055,84.2672816980325,88.2118473875107,3534165,0.279782636068208,0,0.0127059715661267
2019-12-22,201952,134,134,134,134,22.3011120615911,23.1669103336185,24.2335329341317,75.6520182044482,83.8954310213858,88.7617367271172,3534165,0.271593431546065,0,0
2019-12-29,202001,117,117,117,117,22.7385229540918,25.1142716127744,28.6397205588822,58.7429348722555,78.6947688742515,92.700991512974,3534165,0.338836471981359,0,0.0868731369361646
2020-01-05,202002,193,193,193,193,23.1060735671514,25.9433348725406,30.546621043627,51.9236940153977,74.5397676167665,91.9961842412318,3534165,0.363898403158879,0.0110716392698134,0.0968217386567973
2020-01-12,202003,259,259,259,259,22.6509837467922,26.618976390077,32.3105218135158,42.6046404482463,69.4067621428572,90.0978747100086,3534165,0.488543404170433,0.00139071039411007,0.352944754984558
2020-01-19,202004,317,317,317,317,23.6159110350727,26.4846381864842,31.9349871685201,47.4345907057314,74.4614041017964,90.1896797724551,3534165,0.420304937658542,0.00562226155258739,0.348427987940574
2020-01-26,202005,409,409,409,409,23.0453378956373,26.7656365183917,31.8956372968349,46.8956169324209,73.4983603233533,93.5232487767322,3534165,0.753667415075414,0.0976145709099603,0.360175317224861
2020-02-02,202006,486,486,486,486,23.2626176218991,24.9252921368691,27.6663815226689,67.7840481103507,84.2718316749359,93.506963609923,3534165,0.864581025503903,0.105124124085887,0.368526653396205
2020-02-09,202007,390,390,390,390,23.2865697177075,24.2251497005988,25.4046193327631,80.323251433704,87.2341884499572,93.4671176903336,3534165,0.614727099611931,0.00498844847368473,0.105966755938107
2020-02-16,202008,355,355,355,355,22.6920444824636,23.767141308811,25.1274593669804,82.2037096150556,89.1789187082977,94.0296324978614,3534165,0.492827018546106,0.00420240707493849,0.0850605447114099
2020-02-23,202009,433,433,433,433,23.6355859709153,26.7054439965782,31.4619332763045,52.9662136372968,76.9716540444825,93.126112893071,3534165,0.610288427393741,0.484320341579977,0.0241692167739763
2020-03-01,202010,529,529,529,529,23.3755346449958,25.5821802087254,29.0778443113773,64.7266330846878,82.8229966261762,94.0937062788709,3534165,0.633651796110255,0.00827041182287754,0.102870692228575
2020-03-08,202011,505,505,505,505,22.9717707442259,24.2597048708298,25.9828913601368,77.6983509974337,87.5774716193327,94.2445250299401,3534165,0.664503496582644,0.105040653167014,0.106089557222144
2020-03-15,202012,373,373,373,373,22.8520102651839,25.0726182874252,27.9007698887938,68.3085007621899,83.8573004781865,93.5602896065013,3534165,0.585570283221072,0.119577608855274,0.0312158600404905
2020-03-22,202013,138,138,138,138,22.5132591958939,26.1304533242087,31.2643284858853,53.9477442275449,78.5170387818649,97.1230935517537,3534165,0.362457893165712,0.0048314099652959,0
2020-03-29,202014,161,161,161,161,23.8237810094097,26.2650770265184,29.2147134302823,67.5221933875107,81.3385809041916,92.7690357057314,3534165,0.186813858436151,0.422463014601752,0
2020-04-05,202015,202,202,202,202,26.3883661248931,29.2342304311377,31.3507271171942,54.9775606646706,65.5772638023952,79.7777146022241,3534165,0.452187716193217,0.101142136827228,0.00424286924917201
2020-04-12,202016,241,241,241,241,25.841745081266,28.3491943986313,30.770744225834,51.8563951933277,64.9161731360137,79.1511267647562,3534165,0.441928149930747,0.112026461696044,0.0862319670983104
2020-04-19,202017,286,286,286,286,23.9426860564585,26.7983131736527,29.4875962360992,61.5583581103508,75.5482695637296,90.5789643062447,3534165,0.443413083429891,0.500070030686173,0.253134757432095
2020-04-26,202018,312,312,312,312,24.7599657827203,27.0081290205304,28.9813515825492,62.2476940508126,73.2152797154833,86.1892251907613,3534165,0.46395796461116,0.128559079726046,0.0178576834980823
2020-05-03,202019,357,357,357,357,24.8128314798973,27.5976960588745,29.987012987013,51.9377539428571,65.7446332,82.3809296946108,3534165,0.554927118569733,0.0306052490475119,0.282200463192862
2020-05-10,202020,395,395,395,395,24.7057313943541,26.5028442720274,28.562874251497,62.4906364131737,73.9961714165954,83.4385225064157,3534165,0.591503509315496,0.0117657211816653,0.360808564399229
2020-05-17,202021,368,368,368,368,24.4781864841745,26.5363439577987,28.936127744511,65.570280392073,77.384899798118,87.6835909654976,3534165,0.583893225132386,0.143917162894206,0.101294931051606
2020-05-24,202022,401,401,401,401,23.9315654405475,26.0916737964072,28.0265183917879,68.9706361420017,78.2041302497861,89.1965626090676,3534165,0.612806419621042,0.0742008366898546,0.108491821972092
2020-05-31,202023,406,406,406,406,24.0453378956373,26.4234745183918,28.6920444824636,62.8938511377246,74.7562236834901,87.3579210795552,3534165,0.609954826670515,0.0230133567617811,0.0237824210244853
2020-06-07,202024,386,386,386,386,23.5585970915312,25.5938123695466,27.4088964927288,65.4011997596236,75.6244925218135,86.6015363772455,3534165,0.503960341410206,0.110882768631346,0.0272013332710838
2020-06-14,202025,478,478,478,478,22.5329341317365,24.2023108982036,26.1941830624466,71.3965356082122,83.24981972284,92.8718703353293,3534165,0.59161810498378,0.0137146963992909,0.0232923476974052
2020-06-21,202026,414,414,414,414,22.8964927288281,24.8868115115483,26.5201026518392,63.4211855329341,72.8482968545766,84.1123979948674,3534165,0.589998203253102,0.011391092379671,0.333286929161485
2020-06-28,202027,438,438,438,438,23.2591958939265,25.516942465355,27.6022241231822,59.3670291659538,70.5593324491018,81.7398788366125,3534165,0.512643014686637,0.0033917488289313,0.0943872173483694
2020-07-05,202028,457,457,457,457,22.4679213002566,24.4727263977759,26.3438836612489,68.0790556056459,78.9638366484175,89.4610059914457,3534165,0.516781191596884,0,0.00326979640169602
2020-07-12,202029,349,349,349,349,21.5816937553464,24.1568049666381,26.2814371257485,63.3357368733961,76.0559173892215,89.2168604414029,3534165,0.258186870165937,0,0.010150629639533
2020-07-19,202030,248,248,248,248,21.4114627887083,24.5333127698888,27.1120615911035,58.3405042805817,71.4479339923011,87.486014289136,3534165,0.557729194873471,0,0
2020-07-26,202031,259,259,259,259,21.6099230111206,24.2849305192472,26.4260051325919,61.3506384294269,72.9366937502138,86.1062044174509,3534165,0.50605022685698,0,0.0182846584695395
2020-08-02,202032,226,226,226,226,22.2378100940975,25.2328716441403,27.7296834901626,50.4100971437126,62.5591711873396,78.5276137536356,3534165,0.486144251895426,0,0
2020-08-09,202033,211,211,211,211,22.2899914456801,25.7720619324209,28.4499572284003,49.5334312925577,63.0313115868264,81.648336893071,3534165,0.421429672921327,0.0117778881291621,0.275114772513451
2020-08-16,202034,183,183,183,183,21.9170230966638,26.2239434901625,29.4491017964071,45.1197540025663,62.590064685201,84.8798683421728,3534165,0.376671717364639,0.0037270472657615,0
2020-08-23,202035,102,102,102,102,21.4602224123182,26.3220262446535,29.7639007698888,44.6717872207015,59.736373283148,86.0541958785287,3534165,0.0952111743509429,0.0137789265639833,0
2020-08-30,202036,123,123,123,123,21.4106073567151,25.2181927690334,28.3079555175363,48.7359339520958,66.384848093242,88.3330155295124,3534165,0.0850605447114099,0.0115368127973651,0
2020-09-06,202037,119,119,119,119,21.0949529512404,25.4654779281437,28.8451668092387,48.4724266997434,63.8289821958939,86.0505555312233,3534165,0.0933951866989798,0.00865833938143805,0.00416732099378495
2020-09-13,202038,108,108,108,108,21.3601368691189,25.5464180992301,29.1839178785287,49.5213384747648,66.0676933293413,88.6001908896493,3534165,0.0892278657051949,0.0028784734159271,0
2020-09-20,202039,87,87,87,87,22.3088109495295,26.8332524670658,29.9050470487596,46.2672236407186,60.4779463592814,83.3859322189906,3534165,0.0850605447114099,0,0
2020-09-27,202040,90,90,90,90,22.0966638152267,26.553438308811,30.2412318220701,45.441091647562,63.7314340769889,87.9633014097519,3534165,0.0850605447114099,0,0
2020-10-04,202041,80,80,80,80,22.1274593669803,26.8850290111206,31.1539777587682,44.4921587912746,64.7380116800684,88.9789663507272,3534165,0.0963752399788918,0.00865833938143805,0
2020-10-11,202042,87,87,87,87,22.0444824636441,26.0988264396921,30.7861420017108,45.265773982036,67.3473836946108,90.0700441112061,3534165,0.0487048567341932,0.00865833938143805,0.0276682045122398
2020-10-18,202043,69,69,69,69,22.049615055603,26.4667693952096,30.9743370402053,46.022363150556,66.0484477177074,87.5301113105218,3534165,0,0,0
2020-10-25,202044,50,50,50,50,22.7938408896493,26.9211277245509,31.3515825491873,46.7513410735672,66.8365762985458,88.0941572215569,3534165,0.0850605447114099,0,0
2020-11-01,202045,73,73,73,73,23.1171941830625,27.2191970992301,31.7844311377245,47.5075574704876,68.5854136629598,91.2919141933276,3534165,0.160618986380093,0,0.0755584416686827
2020-11-08,202046,76,76,76,76,22.6509837467922,26.7100385791274,31.1787852865697,48.3015587322498,70.391065320787,93.1043840547477,3534165,0.0344661327357381,0,0.0231514374682563
2020-11-15,202047,98,98,98,98,23.5996578272028,26.8535062668948,30.5637296834901,54.1281577579128,72.1719092626176,92.3217795705731,3534165,0.348338575024086,0,0.251963335045195
2020-11-22,202048,90,90,90,90,22.4793270601654,25.8384512740234,29.5089820359281,55.6875141904762,72.9491050986598,93.5209810322212,3534165,0.0850605447114099,0,0
2020-11-29,202049,79,79,79,79,22.6583119475335,NA,NA,NA,NA,93.7077477982321,3534165,0.0963752399788918,0,0
2020-12-06,202050,62,62,62,62,22.8372968349016,NA,NA,NA,NA,93.894514564243,3534165,0.0963752399788918,0,0
2020-12-13,202051,56,56,56,56,23.0162817222697,NA,NA,NA,NA,94.0812813302538,3534165,0.0113146952674819,0,0
2020-12-20,202052,73,73,73,73,23.1952666096378,NA,NA,NA,NA,94.2680480962646,3534165,0.0113146952674819,0,0.0113146952674819
2020-12-27,202053,68,68,68,68,23.374251497006,27.3054650898204,32.2904191616766,44.5824290479042,69.0579963772455,94.4548148622754,3534165,0.0226293905349637,0,0.0113146952674819
2021-01-03,202101,91,91,91,91,23.3686911890505,27.1303708092387,31.7981180496151,46.3034042763045,68.9671707142857,92.2659327288281,3534165,0.0113146952674819,0,0
2021-01-10,202102,89,89,89,89,23.2258340461933,26.5623261839179,30.7604790419162,51.4079118845167,71.6444492343884,92.4793252249786,3534165,0.0113146952674819,0,0
2021-01-17,202103,92,92,92,92,22.8845166809239,26.5408871094953,30.7741659538067,50.5293301608212,69.3590422232678,88.9236971360137,3534165,0,0,0
2021-01-24,202104,80,80,80,80,23.4816082121472,26.2566227938409,29.8862275449102,55.3480305714286,73.7362328845167,89.848283710864,3534165,0.0113146952674819,0,0
2021-01-31,202105,116,116,116,116,22.9161676646706,26.3898710521813,30.5149700598803,50.6017458143712,71.7646065303678,94.700227497006,3534165,0.103393022114134,0,0.0920783268466526
2021-02-07,202106,110,110,110,110,23.7408041060736,26.6451972352438,30.6056458511549,53.5229225996579,74.0454346569717,91.8128856287425,3534165,0.0113146952674819,0,0.0113146952674819
2021-02-14,202107,91,91,91,91,23.1770744225834,26.2490896501283,30.5799828913602,54.3819884405475,76.7587085620188,96.3985900171087,3534165,0.0113146952674819,0.000590804334262832,0
2021-02-21,202108,77,77,77,77,23.1462788708298,25.8479845996578,29.1223267750214,60.2697387271172,79.408645057314,97.224606213858,3534165,0.0963752399788918,0,0.0850605447114099
2021-02-28,202109,83,83,83,83,22.5979469632165,24.6219741402908,27.7168520102652,70.1817931283148,87.3900141171942,98.0737651668092,3534165,0.0963752399788918,0.00939005394484977,0
2021-03-07,202110,108,108,108,108,22.8862275449102,26.223328063302,30.0692899914456,55.469633667237,76.2270818836612,95.7988536133448,3534165,0.0963752399788918,0.00865833938143805,0.0113146952674819
2021-03-14,202111,83,83,83,83,22.4593669803251,25.4675126723696,29.0427715996578,55.6292817527802,73.5739162840034,90.1493000102652,3534165,0.0113146952674819,0.00118811657067511,0
2021-03-21,202112,73,73,73,73,22.2078699743371,25.5900162908468,29.6424294268606,56.4253412249786,76.1970193071001,94.618285269461,3534165,0.0868731369361646,0.0931945735414164,0
2021-03-28,202113,70,70,70,70,22.9161676646706,25.9147352857143,30.0607356715142,57.6376799136014,78.6413653182207,96.0323158169376,3534165,0.0125865657092977,0.0951956119762377,0.00127187044181582
2021-04-04,202114,118,118,118,118,23.1043627031651,26.657612540633,30.5124037639007,53.2099697715997,71.6313807476476,91.20192051497,3534165,0.09489228714562,0.00200103843482124,0.0193338454769373
2021-04-11,202115,140,140,140,140,22.8571428571429,25.6992074747647,29.1231822070145,62.09873972284,80.3521224088965,94.675438603935,3534165,0.18507398494411,0.0943659959283169,0.0231831281222014
2021-04-18,202116,158,158,158,158,23.2266894781865,25.8091326159111,29.0641573994868,61.976854774166,78.556019396065,92.7448560222412,3534165,0.104434852362581,0.0929252029828828,0.0912945490660453
2021-04-25,202117,151,151,151,151,22.9940119760479,26.209305962361,29.464499572284,57.478083742515,74.7713310402053,91.9264279726262,3534165,0.0319911492530768,0.09232364646246,0.0028292397214052
2021-05-02,202118,184,184,184,184,22.2318220701455,25.0085260444824,28.2446535500428,62.3362395996578,78.7934538212148,94.1351294354149,3534165,0.0453926174923921,0.0941452931597704,0.0149588375189047
2021-05-09,202119,201,201,201,201,21.9435414884516,24.100558508982,26.9170230966638,71.5065547177075,85.3842934131737,96.4655500940975,3534165,0.136240384928265,0.0941452931597704,0.00442141212988075
2021-05-16,202120,268,268,268,268,21.590248075278,24.8992014448246,28.2463644140291,61.3541359238666,78.2124324354149,93.6372072112918,3534165,0.257708963786354,0.0929252029828828,0.106627732434677
2021-05-23,202121,215,215,215,215,21.6218990590248,24.7569860547476,28.4088964927288,57.2811793105218,76.7894763917878,94.0750366826348,3534165,0.224642030012747,0.00669323588457245,0.0312169918495599
2021-05-30,202122,293,293,293,293,21.3284858853721,24.4928132617622,28.1248930710008,61.4572331454234,78.7938107082977,94.2157622343884,3534165,0.230348894293277,0.00669323588457245,0.0857382153917545
2021-06-06,202123,263,263,263,263,21.6159110350727,24.5540897442259,28.0906757912746,58.7547571813516,76.642591597947,93.0451605594525,3534165,0.256512358647658,0.00669323588457245,0.104701110446173
2021-06-13,202124,201,201,201,201,21.9623609923011,24.5087661094953,27.7733105218135,58.6375941171941,76.1268402925577,92.574757597947,3534165,0.240714284703742,0.0917537805959824,0
2021-06-20,202125,214,214,214,214,21.0975192472198,24.4873027972626,28.153122326775,55.1660395988024,73.5877172241232,91.8054824995723,3534165,0.242826523379638,0.00669323588457245,0.00710408257678971
2021-06-27,202126,215,215,215,215,20.759623609923,23.9795159717707,28.0923866552609,55.8218197621899,77.4645780359281,93.78462093071,3534165,0.256464539714473,0.00669323588457245,0.017006846030109
2021-07-04,202127,215,215,215,215,20.8494439692045,24.4647989016254,28.7998289136013,51.589938823781,73.0194829615056,93.3780880119761,3534165,0.220402273238516,0.00669323588457245,0.00592586933547245
2021-07-11,202128,174,174,174,174,21.1668092386655,24.3662205483319,28.6526946107784,53.1148774371258,75.3534116526946,94.2471060940975,3534165,0.224776998244281,0.00669323588457245,0.00381249885050641
2021-07-18,202129,189,189,189,189,20.5585970915313,23.9338843521529,27.7202737382378,54.6313153142287,74.8613036817793,93.269124948389,3534165,0.215756197008346,0.0153515752660105,0
2021-07-25,202130,168,168,168,168,20.901625320787,24.4948835808383,29.136869118905,50.2006969803251,73.8959995534645,93.3983657245509,3534165,0.0627845615583879,0.00742495044798418,0.012516676499258
2021-08-01,202131,203,203,203,203,20.4154548046763,23.3874041334474,26.5893926432849,58.1975328639863,77.3986343547191,92.861552730539,3534165,0.243096176890439,0.00669323588457245,0.0123774639837133
2021-08-08,202132,223,223,223,223,21.2369546621044,24.5021170496151,27.9247219846022,57.0699836638153,74.1860467553465,89.8930839846022,3534165,0.24879766507789,0,0
2021-08-15,202133,186,186,186,186,20.7185628742515,24.5041752284003,28.4473909324209,53.2545491454235,71.1890918391787,92.747531384089,3534165,0.143479152784321,0.00669323588457245,0.00263768103639756
2021-08-22,202134,139,139,139,139,21.442258340462,25.0901678793841,28.2763045337896,55.1590701864842,70.6471549657827,90.991165182207,3534165,0.12846400776421,0.00865833938143805,0
2021-08-29,202135,109,109,109,109,21.3242087254063,25.0791392848588,28.9897348160821,51.6530994944397,69.5444248434559,88.1501656372968,3534165,0.118371949244022,0,0
2021-09-05,202136,142,142,142,142,20.6124893071001,25.0862617031651,30.2523524379811,45.7368870453379,70.9707971223268,95.0550108793841,3534165,0.197678942550786,0,0
2021-09-12,202137,128,128,128,128,21.6330196749358,25.8895284739093,31.0384944396921,44.2560394242942,67.6387690513259,88.4743697262617,3534165,0.109306441549843,0,0
2021-09-19,202138,112,112,112,112,21.835500427716,26.0467558718615,31.1428571428571,45.5836687593073,67.5260234354978,89.7165708066723,3534165,0.0166927690133313,0.00924914371570088,0
2021-09-26,202139,111,111,111,111,22.3245508982036,26.0798274805195,31.2813852813853,44.0666125558441,69.7382657792208,91.5407983370402,3534165,0.127383696007402,0,0.00155736927958938
2021-10-03,202140,94,94,94,94,21.9624465355004,26.4032790181818,31.3731601731601,43.1040515774892,67.1733080380953,92.0953699820359,3534165,0.098709879136939,0,0.0231514374682563
2021-10-10,202141,104,104,104,104,21.9964071856287,26.3332392557742,31.4800684345595,44.9946914357571,69.054739112917,91.8000156150556,3534165,0.0297227209255935,0.0114807882484264,0.00501391417774778
2021-10-17,202142,98,98,98,98,22.4516680923866,26.8279968982036,31.7904191616767,44.5255962583404,68.6498029084688,92.7460995038495,3534165,0.00501391417774778,0.00120990389526239,0.00501391417774778
2021-10-24,202143,101,101,101,101,22.049615055603,26.60046406929,31.3926432848588,41.7312371026519,65.3847445500428,88.583211245509,3534165,0.0100278283554956,0,0.00501391417774778
2021-10-31,202144,115,115,115,115,22.9213002566296,26.9243709213003,31.9358426005132,44.724079231822,68.3721827604791,89.4243255774166,3534165,0.171002768687936,0,0.164431485230599
2021-11-07,202145,109,109,109,109,22.7673224978614,27.0050663507271,32.1368691189051,43.1604916877673,68.1901170675791,91.0436444037639,3534165,0.100351285239936,0.00669323588457245,0.00381249885050641
2021-11-14,202146,124,124,124,124,22.7168520102652,26.821295615911,31.874251497006,44.5142608383233,68.3459697784431,90.9986728109495,3534165,0.107197881253422,0,0.0228130265564851
2021-11-21,202147,143,143,143,143,23.0615911035072,27.2741423934987,32.2540633019675,42.2022687844312,67.6293035012831,91.242309271172,3534165,0.109449332444863,0,0.0816546482691102
2021-11-28,202148,97,97,97,97,23.666381522669,27.4203342224124,32.7878528656972,42.3482220025663,68.0102231676647,88.5703772677502,3534165,0.0915633537200442,0,0.00609620660042754
2021-12-05,202149,104,104,104,104,23.0915312232678,26.7526191719418,31.5055603079555,47.2141486150556,71.0785977262618,92.5043327185629,3534165,0.0877508548695378,0.00958415920026371,0
2021-12-12,202150,98,98,98,98,23.0975192472198,25.7287102668948,29.5731394354149,57.2442342420873,76.1432702737383,93.367308716852,3534165,0.0816546482691102,0,0
2021-12-19,202151,59,59,59,59,23.5748502994012,26.7878475585971,31.0008554319932,50.2931919469632,71.8404361873396,90.4024514491018,3534165,0,0,0
2021-12-26,202152,7,7,7,7,22.7792985457656,26.1222784585116,30.3455945252353,53.7045636749358,75.88076472284,93.4349384260051,3534165,0,0,0
2022-01-02,202201,143,143,143,143,22.7313943541488,25.6660443558597,29.9863130881095,53.691558120616,76.849657621899,94.3006012181352,3534165,0.183493979483131,0.0850605447114099,0.0949692501623439
2022-01-09,202202,193,193,193,193,22.7450812660393,25.776055219846,30.66124893071,51.1372178828058,77.3334480128315,94.7853413977759,3534165,0.108567653179747,0.00297665785270354,0.102471446579319
2022-01-16,202203,232,232,232,232,22.4893071000855,25.7389631000855,30.2104362703165,53.6492026646707,75.6155388879384,91.8560000017109,3534165,0.189183583675352,0,0.0850605447114099
2022-01-23,202204,122,122,122,122,22.3464499572284,25.1359187964072,29.3567151411463,55.5844978109496,77.4111734123182,93.1942450367836,3534165,0.101534308669799,0.000925819818825663,0.00350747630628451
2022-01-30,202205,111,111,111,111,22.7844311377245,26.1790854662104,31.0641573994867,50.5070212463644,74.8188734225834,93.613224049615,3534165,0.0183392682571414,0.0945402945250151,0.00537298060503683
2022-02-06,202206,169,169,169,169,23.1325919589393,26.2240878597092,30.6869118905047,50.6747785355004,72.3430097185629,89.8337268041061,3534165,0.130465329151299,0.00669323588457245,0.0231514374682563
2022-02-13,202207,201,201,201,201,23.0068434559452,25.9479016817793,30.2874251497006,53.3137198545766,75.3974522386656,92.967349094953,3534165,0.13928240475473,0.107045652933578,0.0103775573579615
2022-02-20,202208,267,267,267,267,22.530367835757,26.1173009786142,31.0641573994867,50.160070031651,75.9270165483319,96.5464252609068,3534165,0.145798795472198,0.00869427431939369,0.0207064469259358
2022-02-27,202209,394,394,394,394,23.2557741659538,26.127209936698,31.1796407185629,50.0870085414884,75.4271079298546,91.7730107493584,3534165,0.418383691763118,0.0114807882484264,0.34822850659208
2022-03-06,202210,561,561,561,561,22.3515825491874,25.9791130162532,31.3515825491873,47.9438387869974,74.8941453601369,93.3757287681779,3534165,0.475495060360792,0.101278236867832,0.304844284293461
2022-03-13,202211,738,738,738,738,22.7536355859709,25.3249646013687,29.721129170231,60.017185087254,82.2231253019675,96.1662015739949,3534165,0.520916538984456,0.100352417049006,0.427072589989432
2022-03-20,202212,787,787,787,787,22.2053036783576,24.8745208913601,29.3815226689478,63.062709182207,84.6130448323353,96.0071326946107,3534165,0.640794360195407,0.0975659031199732,0.402498468520853
2022-03-27,202213,965,965,965,965,22.4473909324208,25.1589575115483,29.1120615911035,61.4923801060735,83.3117486629598,97.1387993413173,3534165,0.754703303326245,0.111237873726892,0.491645126925313
2022-04-03,202214,1233,1233,1233,1233,22.1479897348161,24.5315154268606,28.1052181351583,66.2683012352438,85.0197857082977,97.3257292728828,3534165,0.734111735020861,0.113084986128265,0.430639203319596
2022-04-10,202215,1573,1573,1573,1573,22.2899914456801,25.7293410898203,30.5560307955518,54.0691903883661,78.5685792480753,94.8365207613344,3534165,1.1007287435646,0.127971387866724,0.409768927030855
2022-04-17,202216,2474,2474,2474,2474,22.1753635585971,25.1365437057314,29.5551753635586,62.287698112917,82.7740908195038,96.5046371770744,3534165,1.27815933891032,0.126861932026377,0.553122449008465
2022-04-24,202217,2940,2940,2940,2940,21.6877673224979,24.4428935517536,28.4910179640719,63.7523920461934,83.0163443378956,95.8770339093242,3534165,1.29051529852172,0.12574710009295,0.53119930733285
2022-05-01,202218,3068,3068,3068,3068,22.3216424294268,24.5447266278871,28.2626176218991,66.1645627724551,85.3874918468777,95.7536320205304,3534165,1.34394347745507,0.150554374229839,0.375489825743846
2022-05-08,202219,2941,2941,2941,2941,21.6364414029085,24.177551647562,28.0367835757058,66.1793646552609,83.7893582412318,95.641711017964,3534165,1.38079489780471,0.139638641659345,0.287526190769248
2022-05-15,202220,3335,3335,3335,3335,22.5397775876818,25.3478400342172,29.6390076988879,62.5509701531223,82.3090119478187,96.2064766980325,3534165,1.42475209844475,0.148493915818871,0.430408314269424
2022-05-22,202221,3117,3117,3117,3117,21.1497005988024,23.1631379589393,26.4337040205304,72.8510023019675,88.0019652668948,97.3809613601368,3534165,1.38699211836459,0.126318380720764,0.0731312771192064
2022-05-29,202222,3481,3481,3481,3481,21.4627887082977,23.1640463062446,26.7519247219846,74.4580469606502,90.5642675834046,99.2060760307956,3534165,1.44837069010643,0.119242593370711,0.39996774344152
2022-06-05,202223,3208,3208,3208,3208,20.8699743370402,22.5227920136869,25.3019674935843,76.8582454516681,90.0308717125748,98.1945930453379,3534165,1.47251274346274,0.127696358262843,0.0705484888226781
2022-06-12,202224,2576,2576,2576,2576,20.7946963216425,23.5256630590248,26.9905902480753,67.1847214508126,83.0781164516681,95.6845725680069,3534165,1.32371804938366,0.016868199419099,0.0196479224937149
2022-06-19,202225,2238,2238,2238,2238,20.240376390077,22.6993868434559,26.3267750213858,70.2794056441403,85.9190827519247,97.8516447989735,3534165,1.22506278003432,0.113579020787088,0.0139925555258456
2022-06-26,202226,1899,1899,1899,1899,20.6586826347305,23.1816548195039,26.9572284003421,66.0325130581693,83.7368498716852,95.9688327031651,3534165,1.17011458152067,0.129967333160732,0.0134631518336014
2022-07-03,202227,1835,1835,1835,1835,20.3558597091531,22.2938230949529,25.1616766467066,73.2957857707442,87.6781860136869,98.0479028058169,3534165,1.23259327167803,0,0.0943487358400075
2022-07-10,202228,1728,1728,1728,1728,19.7775876817793,22.0204883096664,25.2968349016253,70.197168742515,86.1646371402908,95.5798246552609,3534165,1.22621665938065,0.0246499526762333,0.0377019748653501
2022-07-17,202229,1567,1567,1567,1567,20.1471343028229,21.8504849041917,24.3798118049615,76.2137602010265,87.2175243182207,96.0531202412318,3534165,1.2064909250134,0.02212573549905,0.03389739867833
2022-07-24,202230,1479,1479,1479,1479,19.8605645851155,22.6502042711719,26.4037639007699,62.9326773165098,81.0048374234388,92.5934838853722,3534165,1.10779887186931,0.0211487013198309,0.0415699323602605
2022-07-31,202231,1461,1461,1461,1461,20.3490162532078,22.1640729418306,24.7527801539778,76.3577002951241,88.1408167878529,96.0902898579983,3534165,1.04058412666075,0.00307484228947998,0.139700608205899
2022-08-07,202232,1434,1434,1434,1434,19.491873396065,22.9623870402053,27.2780153977759,57.785774483319,80.4296374414029,95.4250439401197,3534165,1.05386251066376,0.0109066780979383,0.109567606492623
2022-08-14,202233,1170,1170,1170,1170,18.6022241231822,21.7632193242087,26.0376390076989,58.7189851522669,79.0702484927288,93.1439224294269,3534165,0.76528684993485,0,0
2022-08-21,202234,933,933,933,933,18.9769033361848,21.8690148160821,25.9093242087254,62.3264111941831,81.8246526184773,95.5556998340462,3534165,0.687136848449351,0,0.00480198292948971
2022-08-28,202235,765,765,765,765,19.3421727972626,21.8054314610778,25.4311377245509,64.6492831804961,81.270076988024,93.0469980940975,3534165,0.602095261539854,0.0222058109907149,0.00549917731628263
2022-09-04,202236,633,633,633,633,19.6535500427716,22.9653550641574,28.2831479897348,52.5520060487596,76.6725959914457,91.4268953036784,3534165,0.574733494333173,0.0183426636843498,0.00601415044289104
2022-09-11,202237,466,466,466,466,20.4302822925578,22.6836547373824,25.8408896492729,64.0973767313944,80.5345750265184,94.4540801796407,3534165,0.530855237375731,0.0121675134013268,0
2022-09-18,202238,381,381,381,381,20.9743370402053,23.293990679213,27.0359281437125,59.0173129674936,79.316420477331,92.8405177211292,3534165,0.504136337720508,0.0110750346970218,0.00202424052074535
2022-09-25,202239,301,301,301,301,20.7348160821215,23.86797293071,28.7228400342173,50.3826543815227,74.4581596578272,91.0669497639008,3534165,0.416795480686386,0.00299108841833927,0.00813402883000652
2022-10-02,202240,294,294,294,294,21.1625320786997,24.6006391531223,29.633875106929,50.0168745594526,74.4587752472198,93.1345826210436,3534165,0.495258993284128,0.0153515752660105,0
2022-10-09,202241,232,232,232,232,21.4910179640718,24.8403907390932,29.6638152266895,49.7740774773311,72.0133904439692,89.6395394627887,3534165,0.427318758462041,0.015839667927219,0.00383485207962843
2022-10-16,202242,215,215,215,215,21.191616766467,24.4477871171941,29.5303678357571,48.2198561830625,74.3047819734816,92.6276374662104,3534165,0.434108764022053,0.00669323588457245,0.0755584416686827
2022-10-23,202243,240,240,240,240,22.0804106073567,24.7546320786997,28.7023096663815,55.6907647254063,75.679125980325,91.1724406877673,3534165,0.432084523501308,0.0184108551807853,0
2022-10-30,202244,248,248,248,248,21.841745081266,25.7568113857999,31.4174508126604,43.3745709957228,70.466715924722,92.4718793396065,3534165,0.468698829850898,0.00865833938143805,0.0257891185046539
2022-11-06,202245,185,185,185,185,22.2737382378101,24.7955720350727,29.1377245508982,56.8824812951241,78.8330936843456,93.0780821454234,3534165,0.106265836484714,0.0167422856601206,0.00170308969728352
2022-11-13,202246,212,212,212,212,22.2235528942116,24.3359320268035,27.5895352152837,64.1448012725977,80.2619076854861,91.7861034029085,3534165,0.355208656075763,0.0176681054789462,0
2022-11-20,202247,154,154,154,154,21.4155260906758,23.4758672356715,26.3733960650128,66.6206859505988,81.637909236527,92.7459119080411,3534165,0.0983994804996371,0.0170201447866752,0
2022-11-27,202248,133,133,133,133,22.8451668092387,24.6006593806672,27.6518391787853,60.4224231321642,77.3518675568862,89.3176035534645,3534165,0.0850605447114099,0.0102957841526924,0
2022-12-04,202249,113,113,113,113,21.5359281437126,23.1331737313944,25.8079555175364,72.1918910218135,89.7302106886228,97.1546415808383,3534165,0.0932480515199488,0.0109748695943738,0
2022-12-11,202250,28,28,28,28,21.9105538922156,27.9433299215686,30.3039215686274,60.7220231666667,73.2658646372549,96.0359077564871,3534165,0,0,0
2022-12-18,202251,10,10,10,10,22.0037425149701,27.4893476176471,30.4117647058824,58.7791371470588,72.9383148529412,95.4192159001996,3534165,0,0,0
2022-12-25,202252,49,49,49,49,22.2027195608782,26.7012182352941,27.9803921568627,69.0221207058824,76.0643072549019,95.5785351936128,3534165,0.00669323588457245,0.0153515752660105,0.00669323588457245
2023-01-01,202301,197,197,197,197,22.5793413173653,27.9933471428571,30.6302521008403,62.1675200504202,74.777072907563,95.5343539184489,3534165,0.106634523289094,0.018328233118714,0.0999412874045213
2023-01-08,202302,171,171,171,171,22.9531116338751,27.8760505042017,30.0588235294117,65.429384420168,76.33460502521,95.0559973253493,3534165,0.127540734515791,0.0189793062859261,0.105966755938107
2023-01-15,202303,175,175,175,175,23.234495295124,26.6008403361344,26.6050420168067,82.5089989579832,82.5319782857143,94.1182821488452,3534165,0.182192964957776,0.0167422856601206,0
2023-01-22,202304,178,178,178,178,23.4970594525235,26.6680672268907,26.672268907563,82.8600599495798,82.902243579832,93.8092366010836,3534165,0.182192964957776,0.0112731012841789,0.00669323588457245
2023-01-29,202305,216,216,216,216,23.7134302822926,24.9214784727688,26.4550898203593,77.4847249181636,87.4420147145708,93.7098103244938,3534165,0.191771182160425,0.0167422856601206,0.00818750680853893
2023-02-05,202306,186,186,186,186,23.9136013686912,24.8293768845167,26.0769888793841,76.977522716852,84.6086594781864,89.322672552609,3303953,0.0941808191581418,0.00711087597190396,0
2023-02-12,202307,149,149,149,149,24.5645617855199,24.7254763200871,24.887479586282,90.0160647277082,91.1236343366358,92.2316498499728,3303953,0.191101992068289,0.373686005823933,0
2023-02-19,202308,210,210,210,210,23.4596521243228,25.6221423475905,29.0769888793841,67.2606081273168,84.323603938694,95.9048711023667,3303953,0.179187476335166,0.104091977095316,0.00538112981631397
2023-02-26,202309,233,233,233,233,23.6116524714546,25.1615994051772,27.4362145274668,68.4074919611894,85.6988158890728,95.6119664002678,3303953,0.439052250440609,0.0126929771700748,0.0149835666548525
2023-03-05,202310,249,249,249,249,23.9255089820359,24.185748502994,24.4459880239521,91.9907538256288,93.8514035480239,95.7184315008383,3303953,0.356239934405847,0.0242557929849486,0.247075548592852
2023-03-12,202311,219,219,219,219,23.641932917382,24.2772287592646,25.5421883505716,86.7858668040702,94.7558862715966,97.8882722366735,3303953,0.336562293713016,0.0184385189498761,0
2023-03-19,202312,383,383,383,383,23.1694687547981,26.7766648015514,29.754363283775,67.6153318797673,81.9417060833872,98.4411219575135,3303953,0.478803723902852,0.121410928061023,0.367175622655649
2023-03-26,202313,539,539,539,539,23.3440895985806,26.2272150108932,27.363834422658,80.1222532505447,86.9589624705882,97.5717922302063,3303953,0.568107355038041,0.118020746663164,0.425634384024228
2023-04-02,202314,617,617,617,617,23.0198887938409,26.2909664705882,29.6050420168067,69.4213123697479,86.75397202521,98.1433679597947,3303953,0.606826731494062,0.143945449587207,0.291616133764615
2023-04-09,202315,749,749,749,749,23.0099800399202,26.7510502184874,30.1344537815126,68.7099757563025,84.7256424369748,97.4557480353578,3303953,0.635469996092559,0.143626740453027,0.307948085217919
2023-04-16,202316,730,730,730,730,23.1129883090961,27.6978291428571,30.5546218487395,66.2181422184874,82.0536734033613,96.9070801554035,3303953,0.64499373931772,0.122493873248197,0.263900243132999
2023-04-23,202317,527,527,527,527,23.0226689478186,24.9026411839179,28.0637296834902,68.4766214285714,85.6679279927288,96.3256136441403,3303953,0.527823186346779,0.139075525590104,0.0395825848612253
2023-04-30,202318,523,523,523,523,23.8453444758834,24.1431240108837,24.5592616963875,86.2034863537409,89.0598530481147,91.2842032090412,3303953,0.505915187050179,0.554216418938163,0.0826043832947987
2023-05-07,202319,369,369,369,369,23.4914437791085,24.4544629460546,25.6970680860501,76.3374724619561,83.0735035720914,88.6077136324152,3303953,0.526686366301216,0.032320677685185,0
2023-05-14,202320,360,360,360,360,23.7453182523841,24.183834553116,24.6307784431138,84.8013380951342,87.3878168583189,89.7583131444577,3303953,0.485067432859971,0.0328878770369917,0.0185780487797496
2023-05-21,202321,293,293,293,293,22.3135158254919,23.4978348045338,25.527373823781,78.8117967912746,88.4428582660394,94.9331716809239,3303953,0.410722246956903,0.0995743583519499,0.0423332293165187
2023-05-28,202322,275,275,275,275,23.3191598820341,23.7415078050154,24.3323263562784,83.4771503251718,87.5658651763865,90.9301135537696,3303953,0.369494360240597,0.0121660326281881,0.0269216904719892
2023-06-04,202323,211,211,211,211,22.920773823781,26.6232215568862,31.0409902480753,52.8761090675791,72.6677550042772,88.7310979469632,3303953,0.331299809652256,0.40611957857754,0
2023-06-11,202324,226,226,226,226,22.4997112917023,25.6473888793841,29.3865202737382,60.9149002566296,77.2707531223268,89.9616862275449,3303953,0.357230565931174,0.386559372969289,0
2023-06-18,202325,254,254,254,254,22.3794966458061,22.5397212946738,22.8851920219711,87.4312813183557,89.3114207259916,90.8743578213498,3303953,0.433790371715336,0.0178695035916068,0.0765598057841622
2023-06-25,202326,193,193,193,193,21.8016748457971,22.1008102621223,22.4765206429247,88.2639823787313,90.7124741771194,92.7716112922426,3303953,0.181167226047102,0.00928645171405283,0.0765598057841622
2023-07-02,202327,170,170,170,170,21.943883661249,22.3839106740804,22.98374679213,85.6795338959795,88.9375696092387,91.445626394183,3303953,0.407859615436418,0.0016092843935734,0
2023-07-09,202328,173,173,173,173,21.4040500427716,25.6253994867408,30.5956556886228,52.5813707442258,74.8776521813516,93.0323962360992,3303953,0.408752787948255,0.0765598057841622,0
2023-07-16,202329,163,163,163,163,21.4649462788708,25.6051453378956,30.257072540633,47.9990497005988,68.2982998289136,85.5501430282293,3303953,0.407859615436418,0,0
2023-07-23,202330,151,151,151,151,21.2632838323353,26.0913734816082,31.438732164243,43.677794439692,65.2509170230967,84.6521192472198,3303953,0.408752787948255,0,0
2023-07-30,202331,173,173,173,173,21.5828133447391,26.4623307955517,31.843796578272,43.2020887082977,64.3537824636442,83.6910564585116,3303953,0.418226590995695,0,0
2023-08-06,202332,165,165,165,165,21.8280250641574,26.0846526090676,30.7962498716852,48.656699572284,67.6531390076989,84.9452337040205,3303953,0.229643702558723,0.0765598057841622,0.0493696490234577
2023-08-13,202333,121,121,121,121,21.3393666381523,25.7945071856287,30.6964852010265,48.1977745081266,66.1796973481608,82.2497119760479,3303953,0.11408122331038,0,0
2023-08-20,202334,128,128,128,128,21.982326176219,26.3825041916168,31.5943254918734,48.1413656971771,70.2500215568862,88.856701710864,3303953,0.180274053535265,0.328838212892254,0
2023-08-27,202335,130,130,130,130,22.7199041916168,26.9904120615911,32.306151497006,44.8292837467921,68.3548711719418,87.7474408896493,3303953,0.0903260427736109,0.327823367947425,0
2023-09-03,202336,127,127,127,127,22.1858321642429,26.54085534645,31.4822568862275,44.6788499572284,64.8771520958084,82.7324756201882,3303953,0.11408122331038,0.0765598057841622,0
2023-09-10,202337,126,126,126,126,22.3545820359281,26.5098709153122,31.5393926432849,45.2680750213858,66.2960704875962,84.2626730538922,3303953,0.103714247751103,0,0
2023-09-17,202338,161,161,161,161,22.9922589392643,26.7925213002566,31.3813201026518,49.0077869974337,67.1587560307955,82.2342026518392,3303953,0.190641029094542,0.363786349261022,0.100314986320931
2023-09-24,202339,166,166,166,166,22.8421492728828,27.3370165953807,32.8992997433704,41.5500495295124,64.2322118905047,83.8157672369547,3303953,0.209219077874292,0,0.0765598057841622
2023-10-01,202340,142,142,142,142,22.9929508126604,27.4680661248931,32.9207832335329,40.3918667236955,62.3262901625321,81.1980792130026,3303953,0.20000920109941,0,0.00936817200486811
2023-10-08,202341,132,132,132,132,23.6990049615056,27.854873396065,33.047705988024,41.3374290846878,62.251428742515,80.4516281437126,3303953,0.156518872998496,0,0
2023-10-15,202342,133,133,133,133,23.3916216424294,27.5272115483319,32.587894867408,40.5825236954662,60.5428065012831,78.2082396065013,3303953,0.100314986320931,0,0
2023-10-22,202343,115,115,115,115,23.3040149700599,27.7417740804106,33.374980239521,40.0598067579127,63.4778579982891,82.8300277159966,3303953,0.103714247751103,0,0
2023-10-29,202344,164,164,164,164,24.0532998289136,28.066802566296,33.3060666381523,42.083854063302,63.1255246364414,80.3061232677502,3303953,0.407859615436418,0,0.0799590672143339
2023-11-05,202345,146,146,146,146,23.9643351582549,28.0598251497006,33.2485036783576,40.1781431137725,61.5246196749358,79.8142412318221,3303953,0.100314986320931,0,0.0765598057841622
2023-11-12,202346,142,142,142,142,24.1005946963216,28.2978843455945,33.7793232677502,39.6790946963216,62.20960213858,80.2880114627887,3303953,0.204029234072034,0,0.0237551805367691
2023-11-19,202347,164,164,164,164,24.0652434559453,28.1502449101796,33.4891293413174,37.7411908468777,60.8077591958939,81.1068834046193,3303953,0.208257199784622,0,0.0279831462493565
2023-11-26,202348,115,115,115,115,23.5203682634731,27.3356769033362,32.489173396065,41.0315639863131,64.3323875106929,83.645773396065,3303953,0.180274053535265,0,0
2023-12-03,202349,134,134,134,134,24.163125320787,28.4346854576561,33.986654063302,36.0574618477331,60.6859846022241,81.5620951240376,3303953,0.180274053535265,0,0.0799590672143339
2023-12-10,202350,146,146,146,146,24.0571402908469,28.0839627031651,33.1371464499572,38.6866163387511,60.0762114627887,78.8630869118905,3303953,0.180274053535265,0,0
2023-12-17,202351,151,151,151,151,23.9136075278015,26.9195241231822,30.8693928999145,53.0313205303678,72.2913816082121,87.4965416595381,3303953,0.180274053535265,0.0154738883997442,0
2023-12-24,202352,81,81,81,81,23.9628548331908,28.0405040205304,33.2817221556886,42.7917949529512,66.805495295124,87.2710642429427,3303953,0.0765598057841622,0.015387022757285,0
2023-12-31,202401,226,226,226,226,23.9707630453379,27.0608298545766,31.2462162532079,54.4003795551754,75.1404246364414,91.7881101796407,3303953,0.413201701113787,0.145528099219329,0.230256604739837
2024-01-07,202402,213,213,213,213,24.2078282292558,27.6597170230967,32.2860164242943,46.5808992301112,68.9842842600513,87.8832211291702,3303953,0.431614795973187,0.0231764798106995,0.251340742437922
2024-01-14,202403,244,244,244,244,23.8484938408896,27.9122112061591,33.059754918734,41.2037765611634,65.5239956372968,86.5358254918734,3303953,0.44532746077199,0.00414382407982196,0.0237551805367691
2024-01-21,202404,256,256,256,256,25.0547681779299,27.9996408041061,31.9618996578272,51.6331556886228,70.9090547476476,86.9943258340462,3303953,0.474582719548371,0.0593068363865951,0.040979396498679
2024-01-28,202405,342,342,342,342,24.330124465355,28.724030453379,34.0468670658683,39.5925635585971,63.1068357570573,84.902992728828,3303953,0.455975009329733,0.0132023669828233,0.2462631883686
2024-02-04,202406,395,395,395,395,24.8697526946108,28.8697650983747,33.8923137724551,42.7876700598802,64.0747972626176,82.8760069289991,3303953,0.531509982133523,0,0.308543432669896
2024-02-11,202407,721,721,721,721,24.3587138579983,27.5177260906758,31.8398547476476,54.016799572284,73.6214777587682,88.8010710863986,3303953,0.671280735531044,0.578739770208596,0.499641490057516
2024-02-18,202408,1380,1380,1380,1380,23.9654482463644,26.5549593669803,30.4168709153122,63.0299443113772,81.6379633019675,94.5860654405475,3303953,1.09081666718625,0.752912950032885,0.596959460379733
2024-02-25,202409,1630,1630,1630,1630,23.7605554319932,26.35370213858,29.8361959794696,65.5411424294269,81.4390479041916,93.5437511548332,3303953,1.1505838612111,0.766340501817066,0.53372883936303
2024-03-03,202410,2126,2126,2126,2126,23.8611125748503,26.4930609923011,30.1924587681779,64.0741637296835,81.7683778443114,94.2261359281437,3303953,1.24130518805806,0.797314005374774,0.574525121876734
2024-03-10,202411,2263,2263,2263,2263,24.2612813515826,27.0249887938409,30.9016956372968,61.8739724550898,80.3976777587682,93.858757057314,3303953,1.36299547844658,0.858178369970759,0.509962157451998
2024-03-17,202412,2227,2227,2227,2227,24.079400855432,27.1780335329341,31.2830065868263,59.299522754491,78.917852352438,94.1730658682635,3303953,1.35745726407125,0.818137848813225,0.142742042638016
2024-03-24,202413,1669,1669,1669,1669,24.0745792985458,26.7808939264329,30.1845842600513,63.6599880239521,79.9030761334474,93.119129597947,3303953,0.982431348145691,0.823308624547625,0.103903415090953
2024-03-31,202414,1906,1906,1906,1906,23.8012912745937,26.4713870829769,30.3929911890505,65.0578167664671,83.2375460222412,95.827397005988,3303953,1.29746095056437,0.788178887532601,0.101673964490415
2024-04-07,202415,1771,1771,1771,1771,23.9483092386655,26.4284915312233,29.7925588537211,66.7778218135158,82.9091910179641,95.0033163387511,3303953,1.02436293736624,0.777176007043684,0.122778683595075
2024-04-14,202416,1548,1548,1548,1548,24.186081094953,26.807344225834,30.2471937553465,64.8219992301112,81.3004349871685,93.6634031650984,3303953,0.930875530009053,0.832351126060207,0.0346306379055634
2024-04-21,202417,1071,1071,1071,1071,23.5376211291702,26.7153986313088,30.7126096663815,59.5569541488452,78.3584543199316,92.1750059024807,3303953,0.888674869164301,0.416963861168727,0.00889147030844567
2024-04-28,202418,926,926,926,926,23.7572341317365,26.6550126603935,30.3465072711719,59.0155123182207,77.0907389221557,90.168518905047,3303953,0.830513630187839,0.575486999966404,0.00428698592262057
2024-05-05,202419,792,792,792,792,23.5922614200171,27.2606532934132,31.5758271171942,51.5434121471343,72.2120916167665,88.7979594525235,3303953,0.687909906708721,0.504006261590283,0.00374975067744608
2024-05-12,202420,614,614,614,614,23.7828323353293,27.1028632164243,31.082528742515,53.769794439692,73.5481538922156,89.8408236954662,3303953,0.624610580114184,0.526849806882846,0.0161391521005293
2024-05-19,202421,517,517,517,517,23.5274007698888,26.6731929854577,30.442594439692,54.1844821214713,72.5918221556886,87.2907432848588,3303953,0.598070856334821,0.431737679077154,0.0765598057841622
2024-05-26,202422,435,435,435,435,23.3484983746792,26.1692844311377,29.7479577416595,57.6658122326775,73.489099572284,86.0103573994867,3303953,0.527693039216962,0.425767860499226,0
2024-06-02,202423,414,414,414,414,23.2578875962361,26.1739360136869,29.7038279726262,58.6176276304534,74.899545081266,88.0039449957228,3303953,0.515277305700172,0.467949755943865,0.00346191365313005
2024-06-09,202424,380,380,380,380,22.9142349016253,26.257000427716,30.3463005988024,51.8604336184773,70.373444225834,86.0378951240376,3303953,0.548157313375826,0.36803852839311,0
2024-06-16,202425,370,370,370,370,22.2213551753636,25.2826427715997,29.0153562874251,55.4765363558597,72.8703260051326,86.8211260051326,3303953,0.52288274076538,0.37067143509608,0.000893172511836579
2024-06-23,202426,426,426,426,426,21.8478072711719,25.7815981180496,30.2945156544055,48.183305132592,69.6199832335329,87.9635345594525,3303953,0.543458396653948,0.323953458175706,0.230691538287621
2024-06-30,202427,497,497,497,497,21.7714601368691,25.2736071856287,29.0593325919589,53.1623118905047,69.2749797262618,83.8792604790419,3303953,0.588623385381087,0.322723416465065,0.231584710799457
2024-07-07,202428,457,457,457,457,21.8753243798118,25.2140464499572,29.2687366124893,51.3490656116339,71.3603177929855,87.0685224123182,3303953,0.531083825950309,0.325394459303749,0.000893172511836579
2024-07-14,202429,437,437,437,437,21.0417140290847,25.0971444824636,29.7200783575706,44.3342205303678,64.3036165098375,82.4000050470488,3303953,0.550542637864401,0,0
2024-07-21,202430,325,325,325,325,20.5011823781009,24.7268339606501,29.4082633019675,44.3685589392643,62.2391247219846,79.3035902480753,3303953,0.503753534024243,0,0
2024-07-28,202431,345,345,345,345,21.5506160821215,25.7761247219846,30.5228447390932,41.8987056458512,62.9944263473054,82.3330301112062,3303953,0.521496219831214,0,0
2024-08-04,202432,363,363,363,363,20.8945533789564,25.4448741659538,30.6989054747648,39.5431548331908,61.5901449101796,82.8364521813516,3303953,0.486124348621182,0,0.00346191365313005
2024-08-11,202433,301,301,301,301,21.2874689478186,25.9926213857998,31.650531736527,36.6525202737382,61.0836556030796,82.7275354148845,3303953,0.41684733408738,0,0
2024-08-18,202434,240,240,240,240,21.6125217279726,25.8874420872541,30.8734595380667,40.8379657827203,62.094371257485,81.4645791274594,3303953,0.485019914024201,0,0.0143098282572422
2024-08-25,202435,218,218,218,218,21.2728267750214,25.7822266894782,31.0282612489307,36.8151293413174,58.7453203592814,78.8814766467066,3303953,0.384997607411486,0,0
2024-09-01,202436,211,211,211,211,21.1232525235244,25.8622936698033,31.3447016253208,36.471377245509,56.9637597946963,76.8133464499572,3303953,0.384997607411486,0,0
2024-09-08,202437,215,215,215,215,21.7236784431138,26.0374586826347,31.2511209580838,38.5168795551754,60.3321822925577,79.8905999144568,3303953,0.384104434899649,0,0
2024-09-15,202438,205,205,205,205,21.9121724550898,26.5766788708298,32.2260727972626,35.7104926432849,57.8694217279726,78.2929918733961,3303953,0.390980138034651,0,0.00598253062316564
2024-09-22,202439,168,168,168,168,22.2788656971771,26.8072778443114,32.3399854576561,37.8964109495295,59.2146439692044,78.5426356715141,3303953,0.384104434899649,0,0
2024-09-29,202440,128,128,128,128,22.7390621043627,27.1762387510693,32.903524465355,36.0154136013687,59.1949805816938,79.1191189905903,3303953,0.156518872998496,0,0
2024-10-06,202441,207,207,207,207,22.5903165953807,27.1668567151411,33.2616120615911,33.8930441402908,60.2822690333618,82.5370709153122,3303953,0.460664240683811,0,0.0765598057841622
2024-10-13,202442,201,201,201,201,23.3110404619333,27.3936832335329,32.7798469632164,38.8088445680068,62.6695928143713,82.4535909324209,3303953,0.384104434899649,0,0.0799590672143339
2024-10-20,202443,178,178,178,178,22.8881942686056,27.1526726261762,32.6823605645851,36.0054945252352,59.2426010265184,79.314101710864,3303953,0.460664240683811,0,0
2024-10-27,202444,218,218,218,220,23.0815173652695,27.5905946107784,33.4313573139435,35.0851200171086,59.6858199315654,81.1426491017964,3303953,0.460664240683811,0,0
2024-11-03,202445,169,169,169,173,23.079878528657,27.5079921300257,33.1730677502139,35.82280641574,59.0570956372968,78.691771685201,3303953,0.384104434899649,0,0
2024-11-10,202446,152,152,152,158,23.2642666381523,27.6496901625321,33.4162213002566,34.7797001710864,59.2376207014542,80.4832157399487,3303953,0.233078678782658,0,0
2024-11-17,202447,142,142,142,150,23.5302735671514,27.8983318220701,33.5091872540633,36.4428080410607,61.0260639863131,82.5240284003422,3303953,0.233078678782658,0,0
2024-11-24,202448,167,169,167,178,23.5164907613345,27.9366767322498,33.7771026518392,35.0047376390077,60.5467979469632,82.1500576561163,3303953,0.251589837991037,0,0
2024-12-01,202449,179,183,179,209,23.6557852010265,27.1944050470488,31.9968342172797,45.23135106929,66.9712354148845,84.7398097519247,3303953,0.384104434899649,0,0.227585561901153
2024-12-08,202450,189,204,189,267,23.7823310521814,27.7942075278015,32.9253145423439,41.0357319931565,62.8316607356715,81.6467751924722,3303953,0.470710085766959,0,0.0100458450831474
2024-12-15,202451,155,186,157,320,24.3399690333618,28.21324893071,32.9981396920445,44.6051415739949,65.5187705731394,84.2496580838323,3303953,0.233078678782658,0.0112689254356827,0.0765598057841622
2024-12-22,202452,138,193,146,411,23.9890875106929,28.2489396065013,33.4285608212147,39.1500883661249,61.314882378101,81.110581522669,3303953,0.233078678782658,0,0.0765598057841622
2024-12-29,202501,36,142,50,639,24.3491970658683,28.5275650898204,33.4603484431138,42.2817130838323,62.9349419461078,82.1421766167665,3303953,0.233078678782658,0,0
