"ew_start","ew","sum_of_cases","cases_est_id","cases_est_id_min","cases_est_id_max","mintemp_mean","meantemp_mean","maxtemp_mean","minumid_mean","meanumid_mean","maxumid_mean","pop","inc_level","receptive","transmission"
2017-12-31,201801,226,226,226,226,22.6458519717014,24.0244645409036,25.6063797313797,76.6729395068681,84.2968166524725,89.9323887912598,2809394,0.475833222396004,0.743544337319721,0.409180058048106
2018-01-07,201802,200,200,200,200,21.5499492401891,22.2743175142857,23.0028571428571,83.4844213943966,91.0298230085715,NA,2809394,0.413327571711195,0.402317012138561,0.0264352383467751
2018-01-14,201803,252,252,252,252,21.7500079312205,24.8723889619048,26.92,71.055934314713,81.7882721269841,NA,2809394,0.53056032724495,0.47487785622095,0.0432805081807678
2018-01-21,201804,194,194,194,194,23.138734494464,24.6759999542857,25.8871428571429,76.0284519302135,84.8718938333333,NA,2809394,0.457248787460926,0.446028218185132,0
2018-01-28,201805,189,189,189,189,23.1213730528854,25.4069599538461,26.7921245421245,70.6948120833333,77.4864384716117,86.949486877818,2809394,0.462494758656137,0.268270310251962,0.00615719973773704
2018-02-04,201806,154,154,154,154,22.531588464833,25.5934261333333,28.0344322344322,62.0053620380952,72.2195097135531,84.1437265965642,2809394,0.402955228066978,0.253868983844915,0.033436748280946
2018-02-11,201807,137,137,137,137,21.6965959201802,23.9315260179487,25.6930402930403,76.9056859355311,84.881049445055,93.5773873035564,2809394,0.406290822860731,0.281726592994788,0
2018-02-18,201808,172,172,172,172,21.9972272453285,24.3657772974359,26.3358974358974,68.0685615278388,76.7315521739927,86.4264883921037,2809394,0.424836815341672,0.510175504041085,0
2018-02-25,201809,156,156,156,156,22.8841153516703,26.3118731479853,29.7120879120879,60.9676790941392,77.0070658113553,92.9079905660036,2809394,0.422904370123948,0.717098064564814,0.00546452366595785
2018-03-04,201810,171,171,171,171,22.6256146695853,25.0703197615384,27.2043956043956,72.3315763142857,81.897150085348,91.7591052317661,2809394,0.437826805353752,0.739993037644417,0
2018-03-11,201811,200,200,200,200,24.6662098283684,27.0632367428571,28.9721611721612,69.1053055131868,78.1993992619048,88.1962576689572,2809394,0.505101456043545,0.611003654168835,0.322522223653927
2018-03-18,201812,167,167,167,167,23.951651280099,26.2553252483516,28.0813186813187,70.7423177846154,79.3165156534799,88.6337261191682,2809394,0.395251075498844,0.556900883250979,0
2018-03-25,201813,129,129,129,129,20.7716316106723,22.5864467274725,24.1868131868132,78.1855551516484,86.8986378245421,94.5801120066305,2809394,0.0929752110241568,0.238015030999568,0
2018-04-01,201814,155,155,155,155,21.6162050696361,24.0001611421245,26.0201465201465,68.9019409937729,77.1178207435897,88.1219740430982,2809394,0.455875181622798,0.496433394532771,0
2018-04-04,201815,138,138,138,138,22.8907966117826,25.7432067567765,27.6432234432234,59.6561211776557,67.2194333630037,78.858809761302,2809394,0.406290822860731,0.0946976465387197,0
2018-04-15,201816,158,158,158,158,20.7570698899147,23.4336052754579,25.6014652014652,67.547515903663,76.9673576556777,88.3759530885473,2809394,0.520867133623835,0.245347929126353,0.00546452366595785
2018-04-22,201817,120,120,120,120,21.9186415405603,26.9572159313544,30.404452690167,46.3913319313544,59.6474529972171,76.4457032725738,2809394,0.381075064586882,0.0540661082069656,0
2018-04-29,201818,160,160,160,160,22.4704482725802,27.7789608498169,31.6071428571429,41.1066493626374,56.4743561153846,76.9328753291139,2809394,0.487630784432515,0.0303471140039453,0
2018-05-06,201819,185,185,185,185,20.311405095016,25.1206985175824,28.9879120879121,49.8354110666667,65.5269082842491,84.4168593950573,2809394,0.508254093231494,0.0564303191364401,0.0552984024312717
2018-05-13,201820,130,130,130,130,18.6836458234193,23.2846962630036,27.3238095238095,55.5039163201465,71.4100779681319,88.8299382864979,2809394,0.084843920076714,0,0.043881705449645
2018-05-20,201821,98,98,98,98,14.3669172932331,17.9699315142857,20.6219780219781,55.7871338186813,67.5988800384615,81.3670654889692,2809394,0.0606137836131208,0,0
2018-05-27,201822,84,84,84,84,18.4982900288696,21.2727022769231,23.4527472527473,60.6485487967033,69.7360723490842,79.8005700762507,2809394,0.139197278843765,0,0
2018-06-03,201823,79,79,79,79,13.4473842834936,14.8811528014652,16.1794871794872,82.932686062271,88.7847376520146,94.3243267962628,2809394,0.0514071717957681,0,0
2018-06-10,201824,59,59,59,59,16.2930427334158,18.4628717578754,19.9652014652015,69.709490507326,76.9279923307692,86.6749820529837,2809394,0.043881705449645,0,0
2018-06-17,201825,83,83,83,83,16.4330953967196,19.8591618512821,22.1571428571428,60.1361898571429,69.2041878703297,80.4530886930681,2809394,0.043881705449645,0,0
2018-06-24,201826,88,88,88,88,19.3572348593002,22.431903170696,24.5630036630036,59.2248324919414,68.7159324157509,81.1944994832429,2809394,0.043881705449645,0.00757850269488722,0
2018-07-01,201827,80,80,80,80,19.6216998191682,22.9385406922242,25.4701627486438,52.4726224831826,62.3049443330922,74.8305457743219,2809394,0.043881705449645,0,0
2018-07-08,201828,78,78,78,78,13.2524412296564,16.6176245367089,19.1609403254973,58.6999165942134,67.9776593370705,79.8847925783002,2809394,0.043881705449645,0,0
2018-07-15,201829,71,71,71,71,18.292646172393,23.8080335213984,27.6434599156118,41.1592410940326,53.80109242827,71.631016791742,2809394,0.043881705449645,0,0
2018-07-22,201830,67,67,67,67,15.6436407474382,22.1011850207354,27.0066907775769,43.9220100986136,59.3821301031344,79.8678422679325,2809394,0.043881705449645,0,0
2018-07-29,201831,49,49,49,49,15.5600361663653,20.4046448553345,24.4591320072333,49.5154016256781,65.4038593129596,104.617800627486,2809394,0.043881705449645,0,0
2018-08-05,201832,65,65,65,65,13.4943339361061,18.4230575617842,22.4210970464135,52.6269602127788,69.7793892995781,89.0042896708861,2809394,0.043881705449645,0,0
2018-08-12,201833,47,47,47,47,17.0455093429777,20.7417548185654,23.6748040988548,48.9385194234479,59.7664808878843,74.2272110102471,2809394,0.043881705449645,0.0290030519037202,0
2018-08-19,201834,43,43,43,43,15.5922242314648,18.5330567854129,20.5093429776974,64.9500532525618,72.6998887911392,82.9669112802893,2809394,0.043881705449645,0,0
2018-08-26,201835,48,48,48,48,18.2983725135624,22.2414470614828,25.1609403254973,43.1980113996383,52.316455477396,64.4527244285714,2809394,0.043881705449645,0,0
2018-09-02,201836,44,44,44,44,14.7251356238698,18.029529312839,20.5171790235081,53.6617363399638,64.0663843435805,77.1062060958409,2809394,0.043881705449645,0,0
2018-09-09,201837,60,60,60,60,20.2314647377938,23.5734292603979,26.5660036166365,45.8929774719711,57.698835835443,71.6105721392405,2809394,0.043881705449645,0,0
2018-09-16,201838,64,64,64,64,20.745027124774,23.0497605207957,24.9439421338156,70.383604562387,79.2121220650995,89.5314679927667,2809394,0.0509013687649365,0.116891044830309,0.00701966331529148
2018-09-23,201839,76,76,76,76,23.1898734177215,25.5211041265823,27.6365280289331,59.2329574303798,67.9809270723327,78.2992624267631,2809394,0.043881705449645,0.153805055467478,0
2018-09-30,201840,70,70,70,70,21.8313743218807,25.3401879755877,28.1618444846293,62.2430492346293,74.1368296039783,88.1427577224232,2809394,0.043881705449645,0.247137638935657,0
2018-10-07,201841,72,72,72,72,22.0761754068716,26.0728012857143,29.7637362637362,60.6195062326007,74.8728883663004,89.7368504172694,2809394,0.043881705449645,0.187268143948481,0
2018-10-14,201842,103,103,103,103,22.4849306811332,26.474004107595,29.9828209764919,58.2840490614828,71.4703934484629,86.5451566983122,2809394,0.043881705449645,0.451986442627841,0.043881705449645
2018-10-21,201843,104,104,104,104,22.0506329113924,24.0778328209765,25.7631103074141,71.8690979963834,79.5029096473779,88.9739351320073,2809394,0.043881705449645,0.0507831938133277,0.043881705449645
2018-10-28,201844,143,143,143,143,22.455093429777,24.9195643399638,26.6534056660639,66.6213801503918,74.0650775572634,82.5874511937915,2809394,0.366403929103572,0.0428779302582692,0.366403929103572
2018-11-04,201845,209,209,209,209,21.6323086196504,24.6255775593731,26.962326702833,64.9358073511151,73.9514625232068,88.7915144128993,2809394,0.143968770489294,0.166680074065795,0.143968770489294
2018-11-11,201846,260,260,260,260,23.9146473779385,26.2851040922242,28.2444846292947,68.3885808014467,76.8067554213382,86.5283536755877,2809394,0.410285634553217,0.544256875326138,0.366403929103572
2018-11-18,201847,475,475,475,475,20.8321880650995,23.5587827186257,25.5793851717902,73.9977353323689,82.6630591717902,93.5322607699819,2809394,0.410285634553217,0.193368391902311,0.043881705449645
2018-11-25,201848,777,777,777,777,22.3270042194093,24.8673602019289,26.9852320675106,68.4583709098855,77.8262761220615,88.8541416841471,2809394,0.53043716901225,0.375398395525868,0.406290822860731
2018-12-02,201849,1117,1117,1117,1117,21.1100060277275,24.6016888264014,26.8990355635925,52.336736034358,61.8954419692586,74.1454468242917,2809394,0.525196892995429,0.0805700446430796,0.40105054684391
2018-12-09,201850,1131,1131,1131,1131,23.7534659433394,29.7281381765873,33.525,42.5681276407045,55.8141455194444,NA,2809394,0.443536933587813,0.14541143036541,0.366403929103572
2018-12-16,201851,857,857,857,857,24.1570825798674,29.3919485304233,33.6772486772487,45.9109139015656,62.6889930380291,NA,2809394,0.447941442175786,0.234222754088604,0
2018-12-23,201852,793,793,793,793,22.9678119349005,25.396120365642,28.2104882459313,69.6805612546112,82.7124651732369,94.0237981786618,2809394,0.508916513668072,0.665485154449678,0.355958971934873
2018-12-30,201901,841,841,841,841,24.2372513562387,25.9616324394213,27.300904159132,75.633445921519,81.6617211027125,88.8864883084991,2809394,0.673224545934105,0.673306058174823,0.532468567954513
2019-01-06,201902,866,866,866,866,23.4436407474382,26.1065354412296,27.9713682941531,69.0859618390597,76.482263708258,86.8307904388186,2809394,0.557953067458676,0.578648277884839,0.36180685229626
2019-01-13,201903,1084,1084,1084,1084,23.8673899939723,27.6954540470163,31.2393007836046,54.658551299578,69.2729313902954,87.1368738417721,2809394,0.863636784302949,0.831005903764299,0.394270436969681
2019-01-20,201904,1424,1424,1424,1424,24.0886075949367,29.5529261277878,33.8559373116335,46.8206491069922,63.6834095765521,85.8758090629898,2809394,0.980522845852166,0.495048398337862,0.444733988895826
2019-01-27,201905,1837,1837,1837,1837,23.4820976491862,28.634635,33.1656419529837,46.8355497996383,64.0077826730561,85.5640893790235,2809394,1.0152342462467,0.646182771088712,0.495567727417372
2019-02-03,201906,2074,2074,2074,2074,23.3396624472574,27.4427594002411,31.291742013261,51.410958977396,68.6623172622061,86.278571522604,2809394,1.0961933427636,0.732817468820678,0.491101639713048
2019-02-10,201907,2417,2417,2417,2417,22.8044303797468,25.0482096052632,27.1176691729324,71.0971409446203,81.1612503045113,NA,2809394,1.18321744831804,0.553417213819066,0.477883130668037
2019-02-17,201908,2725,2725,2725,2725,23.1443640747438,25.2136106278195,27.1685463659148,67.256039897378,77.2203305842732,NA,2809394,1.31614825118869,0.868674881486897,0.574391132037728
2019-02-24,201909,3658,3658,3658,3658,23.2512658227848,25.2405331842105,27.1300751879699,69.4769758302441,78.9741797518797,NA,2809394,1.40854077427374,0.709802185097569,0.605542689989371
2019-03-03,201910,4167,4167,4167,4167,24.0120554550934,26.6122664834237,28.8896925858951,63.3372979342978,73.8222943682942,86.3056820223026,2809394,1.45798844875443,0.750002669614871,0.520834386348088
2019-03-10,201911,5111,5111,5111,5111,22.7429174201326,24.4922170301386,26.3182640144665,75.5756092338758,85.408905021097,94.8148457860157,2809394,1.5498135896923,0.967343135209942,0.599913006150081
2019-03-17,201912,4908,4908,4908,4908,21.9168173598553,23.9013479529837,25.6636528028933,76.4552375003014,84.2985002549729,91.946736461724,2809394,1.64877336535922,0.59972186172534,0.352483845270546
2019-03-24,201913,5230,5230,5230,5230,22.403164556962,25.6329811853526,28.1947558770344,58.4344852093128,68.9064853028933,80.9587190307414,2809394,1.73887678267982,0.18032251795227,0.400426924810119
2019-03-31,201914,4636,4636,4636,4636,22.3410186859554,23.9505670736889,25.6598854731766,74.4262245896624,83.2194677561784,90.7203203753767,2809394,1.71700729765921,0.551922229491485,0.281723033508294
2019-04-07,201915,5673,5673,5673,5673,20.1751054852321,23.0335593405666,25.3378541289934,66.2300860162749,76.933848282399,90.1444963357444,2809394,1.75948300594363,0.246759621469968,0.494362129341773
2019-04-14,201916,4699,4699,4699,4699,22.7272453285112,25.5921295949367,27.9011452682339,65.3276497495479,75.9282383529234,88.5967033731163,2809394,1.7047142551027,0.853620389308157,0.0441287338123453
2019-04-21,201917,4406,4406,4406,4406,22.3414707655214,24.5747030620856,27.0729355033152,72.8359117064496,83.5302996160338,94.0752735340567,2809394,1.67103617363745,0.595212704234436,0.0525469193712238
2019-04-28,201918,4351,4351,4351,4351,21.3160940325497,23.2413810307414,25.0231464737794,77.1095970596745,85.5220523453888,94.1757196907776,2809394,1.68033853564149,0.47220824135027,0.0527992869636655
2019-05-05,201919,4212,4212,4212,4212,22.4734779987945,25.0198758746233,27.1066907775769,72.1456009457505,80.7494127890295,90.5261950458107,2809394,1.74123850196875,0.624102920416289,0.0721180439625058
2019-05-12,201920,3358,3358,3358,3358,16.49547920434,19.2203600596745,21.2739602169982,72.8401824611211,81.8713339222423,91.7718498282098,2809394,1.60414025231064,0.0105424870986412,0.0412583639033898
2019-05-19,201921,2354,2354,2354,2354,17.2546714888487,20.5547865955395,23.0033152501507,63.7273632649186,75.768544655214,89.7135811211573,2809394,1.44756662824794,0,0.00816973340158055
2019-05-26,201922,2072,2072,2072,2072,20.4318866787221,24.2373390277276,26.8505123568415,63.4481542079566,74.3825658248945,88.3231187610006,2809394,1.44465995157675,0.419684458641259,0.00421905934162314
2019-06-02,201923,1755,1755,1755,1755,16.4071729957806,19.9633987655214,22.5506329113924,64.1216311904762,74.8821086823388,86.8951685991561,2809394,1.38024570423372,0.00973234797255209,0.00843206755620607
2019-06-09,201924,1635,1635,1635,1635,19.4222423146474,23.9975930464135,27.0756479807113,50.1714978164557,62.2721000057263,79.0086797374924,2809394,1.28458058926587,0.152684529119091,0
2019-06-16,201925,1407,1407,1407,1407,18.8541289933695,23.1017476600361,25.9975889089813,52.5212247962628,64.0397008025919,80.0047921015672,2809394,1.28719325235264,0.00973234797255209,0
2019-06-23,201926,986,986,986,986,17.7706449668475,22.2052587498493,24.8471971066908,55.3031013905967,65.7582943490054,81.8634575153707,2809394,0.824538316804265,0,0.0135922551269064
2019-06-30,201927,582,582,582,582,15.5074141048824,18.8001697468354,21.4358047016275,62.6049339403255,73.70252199566,87.0960509168173,2809394,0.705921632921548,0,0.00192817383393002
2019-07-07,201928,463,463,463,463,14.6722423146474,20.0465546757685,23.2712477396022,40.07989275,51.2468524005425,67.7417408783906,2809394,0.67793089897679,0,0
2019-07-14,201929,367,367,367,367,17.3403254972875,20.8053236104883,23.3613019891501,53.0916156166365,63.5393874495479,76.5618042708861,2809394,0.617173312109302,0,0.0146063528291155
2019-07-21,201930,286,286,286,286,15.6528028933092,19.4041528028933,22.0795660036166,56.4502646775166,66.232062424352,79.4058505708258,2809394,0.555937330256988,0,0
2019-07-28,201931,246,246,246,246,16.5373719107896,21.4434362682339,24.4924653405666,42.877643454792,53.9414158869801,69.6716960159735,2809394,0.550568556777725,0,0.039886893757159
2019-08-04,201932,186,186,186,186,15.8637733574442,21.0726341350211,24.456901748041,44.1396909457504,56.7003971862568,76.1918934370102,2809394,0.512795286100846,0,0
2019-08-11,201933,203,203,203,203,17.2166968053044,22.8969396142254,26.6600361663653,39.0542089996986,50.1741093233876,67.9674811931887,2809394,0.483186053647157,0,0.0521511044730643
2019-08-18,201934,189,189,189,189,18.8957203134418,23.972357230862,27.3553345388789,42.9432780840868,54.1416635433996,70.8922457676311,2809394,0.489268148219865,0.00973234797255209,0
2019-08-25,201935,176,176,176,176,20.5153707052441,25.5306041844485,28.9873417721519,39.6507161121157,51.6836735099458,69.5085106401447,2809394,0.517282018826836,0,0
2019-09-01,201936,152,152,152,152,19.1048824593128,24.0082906853526,27.2983725135624,53.4011660325497,63.7952885985533,77.8802089132007,2809394,0.513513234526734,0,0
2019-09-08,201937,163,163,163,163,23.1952983725135,27.954542676311,31.3652802893309,37.4132265614828,47.7342686491863,62.9305960831826,2809394,0.498465149423684,0,0
2019-09-15,201938,145,145,145,145,23.0108499095841,27.9942982531646,31.1591320072333,41.1218841446655,51.0599380433996,67.0324433779385,2809394,0.501603548665655,0,0
2019-09-22,201939,144,144,144,144,20.5102471368294,24.7419030747438,27.5777576853526,50.082846358047,60.2532806600362,74.2960612525618,2809394,0.486555463562605,0,0
2019-09-29,201940,172,172,172,172,24.1464737793852,28.0800808969258,31.2694394213381,43.078170358047,53.141587761302,65.0014199294756,2809394,0.435514918875743,0.0817468108780755,0.0141760109119618
2019-10-06,201941,141,141,141,141,22.5153707052441,26.4189299927667,29.1048824593128,50.105849801085,61.6341665895118,76.0441297667269,2809394,0.406290822860731,0.106278435847731,0
2019-10-13,201942,177,177,177,177,23.5099457504521,27.377031721519,30.6853526220615,48.8087340669078,61.3746020018083,76.773360403255,2809394,0.510355258109044,0.358932566952161,0.00682353560945884
2019-10-20,201943,176,176,176,176,22.4749849306811,26.9773211012658,30.2507534659433,45.8588973209765,56.8477267992767,71.4842741347197,2809394,0.41504253230412,0.0148512454999192,0.00682353560945884
2019-10-27,201944,205,205,205,205,26.3634719710669,30.8511103905968,34.0452079566004,39.8440621500904,51.6395210687161,67.16312239783,2809394,0.523036284693425,0.00973234797255209,0.0555472105372191
2019-11-03,201945,264,264,264,264,24.6491862567812,28.3963769132007,31.2875226039783,50.4040270216998,63.1776641446654,78.1156721844485,2809394,0.54063438592095,0.0195764638210233,0.0638166095606383
2019-11-10,201946,272,272,272,272,22.6962025316456,25.544367244123,27.9370705244123,60.9927767920434,72.0960229113924,85.2324833200723,2809394,0.535679936669616,0.501331247948846,0.0135232010889181
2019-11-17,201947,353,353,353,353,25.0186859553948,28.8839945370705,31.8921036769138,41.1131769879445,53.4562273688969,67.3638186835443,2809394,0.616282728588443,0.0211985218164487,0.0526501444795568
2019-11-24,201948,342,342,342,342,23.9909584086799,27.2355254737794,29.6799276672694,59.6337675009042,69.9836193074141,83.636771716094,2809394,0.632411117842496,0.473161115884778,0.029833124154177
2019-12-01,201949,500,500,500,500,22.6208559373116,25.8930397064496,28.6772151898734,60.7464666705847,72.6707878481012,86.1132613429777,2809394,0.679726303964485,0.611225054228777,0.360309376328133
2019-12-08,201950,496,496,496,496,22.8517179023508,26.0434022025316,28.7396021699819,62.6922859764918,74.8889690307414,89.7818876925859,2809394,0.68937642779902,0.77555123987593,0.350649641880064
2019-12-15,201951,460,460,460,460,22.7667269439421,25.1161405858951,26.9620253164557,71.7945512405063,80.5047116907776,91.626921318264,2809394,0.555562160380495,0.758762921825846,0.397198470559843
2019-12-22,201952,476,476,476,476,24.0108499095841,27.4487999457504,29.9674502712477,56.1555363670886,66.0742717341772,78.6928561066908,2809394,0.524826350451378,0.184065673949613,0.0899158323823572
2019-12-29,202001,769,769,769,769,24.2396624472574,28.0394037324895,31.2206751054852,52.5254930147679,68.2013395375527,84.9660255227848,2809394,0.807300791558607,0.531421722976557,0.56449540363509
2020-01-05,202002,1898,1898,1898,1898,24.4213381555154,27.8618300072333,31.0542495479204,58.8254021555154,72.6339717450271,86.0020743616637,2809394,1.34075035399093,0.707683222787548,0.811319451810604
2020-01-12,202003,2969,2969,2969,2969,24.8318264014467,28.7368323598553,32.4701627486437,56.684496238698,72.0602234810127,88.9421234755877,2809394,1.52272625341978,0.74517636187733,0.791728394094954
2020-01-19,202004,4098,4098,4098,4098,23.6600361663653,27.6711711699819,31.0578661844485,54.5734024014467,69.4919444900543,85.177599443038,2809394,1.73906507951537,0.693097514980099,0.864166435893292
2020-01-26,202005,4327,4327,4327,4327,23.8282097649186,27.9416012748644,31.8300180831826,53.385084198915,69.3632779493671,87.2392536238698,2809394,1.82248805258358,0.97422291070601,0.708165533207517
2020-02-02,202006,5030,5030,5030,5030,23.5280289330922,26.696415755877,29.7052441229656,64.7270563670886,78.1043338047016,91.8525549529837,2809394,1.89627051243079,0.980482267706132,0.719763408051701
2020-02-09,202007,5575,5575,5575,5575,23.8354430379747,26.9654663652803,29.5696202531646,62.5363815388788,74.4419028119349,87.4078316202532,2809394,1.86998904390057,0.978643436983207,0.652904861333085
2020-02-16,202008,5172,5172,5172,5172,24.500904159132,27.6592779819168,30.2730560578662,59.2278793779385,70.6010197377938,84.5551539186257,2809394,1.86744223131394,0.726646031136964,0.460201737456548
2020-02-23,202009,5110,5110,5110,5110,22.4408077154913,26.3043327780591,29.1383966244726,54.7543150413502,66.6625490842676,81.3003089897529,2809394,1.81951908489874,0.261760365402646,0.113969418315836
2020-03-01,202010,5326,5326,5326,5326,22.5967450271248,27.3639704798071,30.623869801085,43.7087270789632,57.1434835376733,75.8013240560579,2809394,1.8596825507565,0.0191859881526052,0.197260334435113
2020-03-08,202011,4692,4692,4692,4692,25.0813140446052,30.201953192164,33.6636528028933,36.7321446811935,49.3237570379144,68.609587482821,2809394,1.83810850311491,0.0319773588183074,0.191121288078497
2020-03-15,202012,3493,3493,3493,3493,24.1555153707052,27.8774097287523,31.3182640144665,54.3002597793852,68.7955170922242,84.1143388083183,2809394,1.72511438409849,0.744575520557102,0.0108194151478931
2020-03-22,202013,2943,2943,2943,2943,22.7777159549311,27.8463669638095,31.8209523809524,44.5089952409733,58.665888472381,NA,2809394,1.68070836628825,0.185463484295902,0.0129113253605582
2020-03-29,202014,2667,2667,2667,2667,22.6865349840033,27.7684385104762,31.2333333333334,47.4873731145997,62.9375202590476,NA,2809394,1.56731950021962,0.681386804414048,0.0469603053185135
2020-04-05,202015,2046,2046,2046,2046,20.2744779833388,25.6483255328186,29.1370656370656,46.5605840350636,60.6953114459459,NA,2809394,1.1373805169371,0.184310210671768,0
2020-04-12,202016,1820,1820,1820,1820,17.8569960278821,23.640781496139,27.4749034749035,43.0290365818392,57.2544977104247,NA,2809394,1.08511515294758,0.00752546634612304,0.00438955874469726
2020-04-19,202017,1615,1615,1615,1615,20.5299299856262,26.8819676486487,30.7876447876448,43.2860000703441,57.2809393301158,NA,2809394,1.06488765904676,0.00861431326471118,0.011072850586283
2020-04-26,202018,1575,1575,1575,1575,22.1486143954499,27.865882034749,31.2200772200772,40.4905797787739,53.7573509440154,NA,2809394,1.10766272014534,0.00512708434630386,0.0228519032930233
2020-05-03,202019,1276,1276,1276,1276,16.7238991669371,22.7377315752896,26.6563706563706,42.8611440078803,57.6760004305019,NA,2809394,1.03051405392053,0,0.00561544589331365
2020-05-10,202020,929,929,929,929,18.7928548245004,23.3056079752381,26.48,51.5699730057086,66.3629197431746,NA,2809394,0.905715965791911,0.0172578143186751,0.0100448708867464
2020-05-17,202021,746,746,746,746,17.4262067046877,23.3691287980952,27.3371428571429,48.2908815175539,62.4118647371429,NA,2809394,0.810434207519486,0.00945364018005307,0
2020-05-24,202022,601,601,601,601,13.594519404646,20.5256452,24.6190476190476,38.2190638698444,53.9196513085714,NA,2809394,0.77469233578487,0,0.020761416874956
2020-05-31,202023,453,453,453,453,15.7375156489081,19.1166223574603,21.8666666666667,66.9111709679606,78.5669661596825,NA,2809394,0.731237412765885,0,0.0197341490727182
2020-06-07,202024,532,532,532,532,20.7744238883479,26.0915594311111,29.4196825396826,51.3455983146853,65.0241296273016,NA,2809394,0.686964519750523,0.293888290499659,0.322522223653927
2020-06-14,202025,527,527,527,527,18.2724532851115,23.8513725533454,27.1606389391199,50.1071485997589,62.7780283490054,83.1367062923448,2809394,0.687079135215637,0,0.366403929103572
2020-06-21,202026,410,410,410,410,17.8896925858951,22.1585540765521,25.1540084388186,54.3659044502713,65.6736477344786,79.7841828523207,2809394,0.662651803200263,0,0
2020-06-28,202027,370,370,370,370,13.9852320675105,19.1470870470163,23.1955997588909,50.2273889650392,64.2723062640144,82.7597574752863,2809394,0.651507406935446,0,0.0210881777351272
2020-07-05,202028,359,359,359,359,16.9050632911392,21.3058907552743,24.7212176009644,54.5575248716094,66.3414035247137,81.984266119349,2809394,0.61428834830572,0,0.0210881777351272
2020-07-12,202029,367,367,367,367,20.2516576250753,26.1079795883062,29.872513562387,40.4409601063894,53.6662707763713,73.866710634117,2809394,0.575041094271576,0,0.0210881777351272
2020-07-19,202030,347,347,347,347,19.4918625678119,25.3583780144665,28.866184448463,33.5514754544906,44.4175360620856,61.2955676937914,2809394,0.615816435857697,0,0.033436748280946
2020-07-26,202031,273,273,273,273,16.341289933695,22.8396786503918,27.0757082579867,39.9222229112719,53.8335959183846,75.0001269828812,2809394,0.534718519367522,0,0
2020-08-02,202032,252,252,252,252,19.7139240506329,25.8889805075188,29.8477443609023,26.406184621519,37.4227396973684,NA,2809394,0.610611754705819,0,0.0207016175018527
2020-08-09,202033,262,262,262,262,20.5109101868596,26.3457046566416,30.3963032581454,32.9700432320072,44.1940200673559,NA,2809394,0.592709317383037,0,0.00421905934162314
2020-08-16,202034,172,172,172,172,14.8672694394214,17.5208316898496,20.5432330827068,64.1692992418324,78.9346423405389,NA,2809394,0.403027485642811,0,0
2020-08-23,202035,216,216,216,216,20.4180229053647,27.4177128499096,31.8360458107294,28.4675841036769,38.7416274077758,56.5349034611211,2809394,0.56434092192124,0,0.00682353560945884
2020-08-30,202036,166,166,166,166,21.7661241711874,28.1708072200121,32.7501506931887,29.8258100626884,42.8752181889692,61.1176699683544,2809394,0.517386311781117,0,0
2020-09-06,202037,203,203,203,203,23.8517179023508,30.7647452194093,35.0135623869801,25.3862697929476,36.6696253019892,55.952323141953,2809394,0.408278084170465,0.00657543940081028,0
2020-09-13,202038,186,186,186,186,23.2014466546112,28.8596690235081,33.1226039783002,31.0136443688969,43.9427576354431,61.6164677414105,2809394,0.451281664301981,0,0.0210881777351272
2020-09-20,202039,171,171,171,171,21.4951175406872,26.949956321519,31.0065099457505,38.0593694878843,52.1148926983725,69.8390761103074,2809394,0.465661989738712,0,0.0170933660426412
2020-09-27,202040,180,180,180,180,27.2582881253767,32.6210541603376,36.5867992766727,28.2544452890295,39.3191439195298,54.3381178562387,2809394,0.413705945125532,0,0
2020-10-04,202041,148,148,148,148,26.162447257384,32.1779635195901,36.9107896323086,26.765294963683,40.6806690337553,58.7615001904762,2809394,0.448159638697883,0,0
2020-10-11,202042,124,124,124,124,23.5330922242315,28.5472049084991,32.798191681736,40.3190317877034,53.5242657609403,70.5562422477396,2809394,0.125637415043956,0.343610401389054,0
2020-10-18,202043,123,123,123,123,22.585292344786,27.0505368077155,31.4095840867993,49.0882319822182,64.9502260328511,83.4862386274864,2809394,0.104201119529692,0.443949478072495,0
2020-10-25,202044,124,124,124,124,21.2278481012658,25.4975940542496,29.0614828209765,50.8715427233273,66.5277729222423,84.0181664882459,2809394,0.200281982520074,0.0821226926518673,0
2020-11-01,202045,185,185,185,185,23.3737191078963,28.8447088902953,32.5608800482218,25.8334655096444,37.6964990280289,55.2450841461724,2809394,0.462335649609845,0,0.362409117411086
2020-11-08,202046,226,226,226,226,24.0343580470163,28.3688236528029,31.9318866787221,45.6012605822785,58.7234093911995,75.9877426431585,2809394,0.452220656839162,0.356262952081481,0.340047355408319
2020-11-15,202047,329,329,329,329,22.251356238698,26.6006453309222,30.3887884267631,46.4043994195298,61.6334650307414,79.1401212368897,2809394,0.574115271834424,0.352224714653765,0.461716654908496
2020-11-22,202048,286,286,286,286,25.9726341169379,30.7198921567812,34.7065099457505,32.8440239528632,44.9516579555154,59.5380166558167,2809394,0.579895521952421,0,0
2020-11-29,202049,350,350,350,350,25.5591199517782,NA,NA,36.6676309545098,NA,NA,2809394,0.511571178695477,0.00657543940081028,0.387492106838699
2020-12-06,202050,308,308,308,308,25.1456057866184,NA,NA,41.0083992452941,NA,NA,2809394,0.494109405800682,0,0.0535709836356168
2020-12-13,202051,224,224,224,224,24.7320916214587,NA,NA,45.3491675360784,NA,NA,2809394,0.483464049542357,0.163028396871354,0.00438955874469726
2020-12-20,202052,185,185,185,185,24.318577456299,NA,NA,49.6899358268628,NA,NA,2809394,0.478774426086195,0.184696414956393,0
2020-12-27,202053,158,158,158,158,23.9050632911392,28.2031113037975,31.753164556962,51.2439247658228,68.0741564303797,87.4163852594937,2809394,0.470079312478065,0.2117915820992,0.00487400485656337
2021-01-03,202101,387,387,387,387,23.500904159132,26.9126089439421,30.253164556962,58.9693992278481,73.5148913309223,87.6593513092224,2809394,0.28851097425281,0.619692716649925,0.21113022950857
2021-01-10,202102,439,439,439,439,24.5985533453888,27.7265043309222,30.6166365280289,62.0091307938517,74.9214016455696,86.9391063598553,2809394,0.311718114297959,0.671230521600032,0.204118397063566
2021-01-17,202103,555,555,555,555,21.8969258589512,24.6411865298372,27.5316455696203,73.2679561573237,85.2474611844485,95.4409001446655,2809394,0.336960212771865,0.512293042556509,0.114725097298563
2021-01-24,202104,623,623,623,623,23.2658227848101,26.0502145280289,29.2260397830018,66.5077804321881,79.6029292459313,91.614885358047,2809394,0.295966318714997,0.854448325866717,0.107278651552612
2021-01-31,202105,859,859,859,859,23.0090415913201,26.2687007142857,29.2839059674503,60.6798642260398,73.904666994575,87.8452020433997,2809394,0.458248647217158,0.657410815286144,0.216944294748262
2021-02-07,202106,1098,1098,1098,1098,22.7215189873418,26.5562709710669,29.6202531645569,49.0860521012658,62.6259275461121,79.0112021790235,2809394,0.803936008975601,0.201311386014208,0.46861138024784
2021-02-14,202107,1305,1305,1305,1305,22.8462929475588,27.1313830632911,30.5461121157324,49.142193562387,64.0709652875226,81.4860163164557,2809394,0.814384525630794,0.266535416534669,0.47888868560266
2021-02-21,202108,1271,1271,1271,1271,24.7034358047016,28.5801473761302,32.0379746835443,49.4754410289331,63.7647239276673,78.9518351500904,2809394,0.830934714034415,0.229901537484596,0.411131012595599
2021-02-28,202109,1372,1372,1372,1372,22.57805907173,25.6369389957806,28.3824593128391,65.333983680229,77.6387126681736,91.4400653429777,2809394,0.896725414804759,0.907103809576015,0.128986535886387
2021-03-07,202110,1387,1387,1387,1387,24.1760096443641,28.4619570964436,31.8146473779385,42.5903364517782,57.5077602185051,74.4110196965039,2809394,0.903457827559965,0.123182081260229,0.061388683822917
2021-03-14,202111,1252,1252,1252,1252,23.4517781796263,26.8611853028933,30.1097046413502,58.5229644517782,72.8830044581073,87.6315968839663,2809394,0.903642564909016,0.65988501434829,0.0584720405895364
2021-03-21,202112,1122,1122,1122,1122,24.4526823387583,28.8210066256781,32.4779987944545,48.8260458601567,64.1555451386377,82.2464829638336,2809394,0.870061657425053,0.640310330270514,0.0267552361826074
2021-03-28,202113,1152,1152,1152,1152,21.662447257384,26.4107185864979,30.1627486437613,47.0393364345992,61.6714627974684,79.9782047462327,2809394,0.88366637075469,0.136221904083229,0.0258511266130703
2021-04-04,202114,1285,1285,1285,1285,23.3511151295962,27.9132899370102,31.5593731163351,45.6553864258589,59.911992403255,77.5990362022302,2809394,0.928316213389792,0.131384917886206,0.148324514112296
2021-04-11,202115,1132,1132,1132,1132,21.7716998191682,26.1879355907336,29.8478120978121,54.2898767098021,67.4515758642214,NA,2809394,0.868342781396985,0.329641196642408,0.357117584788748
2021-04-18,202116,1089,1089,1089,1089,21.2399035563593,25.4331522230259,28.4484629294756,47.5906160813743,60.3732103303194,77.5026396139241,2809394,0.881967427850988,0.125205649332205,0.341628123360412
2021-04-25,202117,915,915,915,915,17.8406670685152,22.799344532175,26.3095238095238,45.9762189216141,59.3336375598455,NA,2809394,0.805187168478327,0.00861431326471118,0.00682353560945884
2021-05-02,202118,728,728,728,728,18.5267229254571,23.0667287844273,26.6962676962677,51.0695851883117,64.6224754195624,NA,2809394,0.776983221292563,0,0
2021-05-09,202119,820,820,820,820,17.7350813743219,22.3421362316602,26.3558558558559,52.1162259268708,67.2387025096525,NA,2809394,0.746425741636809,0,0.335724359061064
2021-05-16,202120,615,615,615,615,19.8222824994977,25.20141001287,29.1534749034749,43.103771257885,56.6046347091377,NA,2809394,0.720107254447044,0,0
2021-05-23,202121,416,416,416,416,18.5794655414909,23.3449815942728,27.033462033462,41.2599859342919,55.2685219369369,NA,2809394,0.643252245858004,0,0
2021-05-30,202122,434,434,434,434,20.0849909584087,24.4935897429174,28.0837854128993,52.0154116377336,65.578979045208,82.338259124774,2809394,0.652149538299007,0.0773764733604471,0.0210881777351272
2021-06-06,202123,299,299,299,299,18.2591922845087,21.0389810825799,23.49095840868,68.7634053996383,79.7529965973478,92.241368185654,2809394,0.240188097504302,0,0
2021-06-13,202124,239,239,239,239,15.1308016877637,19.1755461573237,22.3878842676311,56.7906905861965,69.9211781097046,85.1751928637733,2809394,0.141046432077523,0,0.0150480851030507
2021-06-20,202125,212,212,212,212,17.3908981314045,22.7898643830621,26.8652802893309,54.0011468556359,67.9184302537673,86.6077112555757,2809394,0.125828559468697,0,0.00968927818597178
2021-06-27,202126,131,131,131,131,9.79023508137432,15.9889125484629,20.3869801084991,38.7500044285714,53.9972452513562,75.5006899566003,2809394,0.0346419904078958,0,0
2021-07-04,202127,149,149,149,149,16.4978902953587,23.4593553803496,28.1136226642556,28.5876980898131,42.8964409255576,64.5223856305003,2809394,0.0401848227767269,0,0
2021-07-11,202128,133,133,133,133,18.8915009041591,24.2319233598553,28.2151898734177,38.2218153878842,50.3939687757685,65.8633583887884,2809394,0.0403474913095137,0,0
2021-07-18,202129,153,153,153,153,14.3363471971067,20.9520139095841,25.7070524412297,23.4436039103074,37.1396682133815,57.0968785678119,2809394,0.00920661181735278,0,0
2021-07-25,202130,103,103,103,103,13.0723327305606,18.9059203363472,23.1428571428572,28.8282101898734,41.8599939728752,60.6828594755877,2809394,0.0176386793735589,0,0
2021-08-01,202131,123,123,123,123,16.0488245931284,22.5757006184448,27.0705244122965,30.9196038173599,44.1066495497288,63.4682968969259,2809394,0.0273279575595306,0,0
2021-08-08,202132,133,133,133,133,16.6871609403255,22.6852800831826,27.4267631103074,38.3365002730561,51.5334271772152,68.654945124774,2809394,0.021857738715182,0,0.00421905934162314
2021-08-15,202133,153,153,153,153,23.8282097649186,30.2433368589512,34.5515370705244,21.5291094466546,30.8800372875226,46.8204345189873,2809394,0.021857738715182,0,0
2021-08-22,202134,119,119,119,119,21.3616636528029,26.0109827576854,29.7685352622061,39.9519112169982,50.0943835768535,61.980003437613,2809394,0.0490935055745118,0,0
2021-08-29,202135,117,117,117,117,22.1844484629295,28.1128795117541,32.4701627486437,31.6477437251357,45.5663437323689,64.4650860072333,2809394,0.0490935055745118,0,0
2021-09-05,202136,125,125,125,125,22.2224231464738,27.6502691555154,32.0687160940325,35.3096887052441,48.920322846293,67.3082962802893,2809394,0.039886893757159,0,0
2021-09-12,202137,148,148,148,148,23.7341772151899,29.8632751500904,34.4629294755877,36.2968289077758,50.0366100994575,68.6267630849909,2809394,0.0234801526592568,0,0
2021-09-19,202138,155,155,155,155,23.9093128390597,29.8101701583012,34.1409266409266,30.781883007885,42.5790466583011,NA,2809394,0.039886893757159,0,0
2021-09-26,202139,153,153,153,153,24.9307414104882,30.3224562181467,34.9015444015444,34.2914683144713,48.1061688339768,NA,2809394,0,0,0
2021-10-03,202140,108,108,108,108,21.847287522604,26.2497201602317,30.3185328185328,54.1294068288497,69.4800680366796,NA,2809394,0.073323642038105,0.16821563653941,0
2021-10-10,202141,118,118,118,118,21.5405063291139,25.8368104395419,29.5846292947559,53.0734024370102,69.0178078317058,86.7823869780591,2809394,0.00920661181735278,0.112962795535265,0.00920661181735278
2021-10-17,202142,140,140,140,140,22.6962025316456,26.9800140687161,30.367088607595,40.8719156383363,53.438112119349,68.9842944593129,2809394,0.104884896885236,0,0.043881705449645
2021-10-24,202143,109,109,109,109,22.5623869801085,26.7272575840868,30.3598553345388,45.7937946654611,60.2053999457505,76.6286310922242,2809394,0.0633670464164158,0.416219654487765,0.00843206755620607
2021-10-31,202144,140,140,140,140,23.6482820976492,27.9942959379144,31.4978902953586,45.1904414529837,59.3882766654611,77.356539882158,2809394,0.0929752110241568,0.371754905150363,0
2021-11-07,202145,145,145,145,145,22.2983725135624,26.5265033688969,30.1898734177215,52.1015861157324,66.1788705262206,83.0966891699819,2809394,0.0745712420543363,0.101473840977805,0
2021-11-14,202146,143,143,143,143,21.710066305003,25.789394492164,29.2634116937915,57.555133420434,70.6298437483424,86.384402634117,2809394,0.0825302538554578,0.276116842279865,0.00920661181735278
2021-11-21,202147,166,166,166,166,24.8065099457505,29.8573691916817,33.6491862567812,39.818514124774,54.0191790705244,74.0584580090416,2809394,0.117794442502547,0.120487549984089,0
2021-11-28,202148,148,148,148,148,24.4150090415913,28.6309140916215,31.9701627486437,44.5831341651597,58.7356500518385,75.8566965684147,2809394,0.0693416444969983,0.193937909741389,0.00212679318030864
2021-12-05,202149,129,129,129,129,24.8842676311031,29.3925349620253,32.9764918625678,36.0065492947559,48.6955217088607,65.691075074141,2809394,0.0800952091447479,0,0.00421905934162314
2021-12-12,202150,80,80,80,80,24.8661844484629,28.0265141428571,31.2043399638336,59.9982246600362,73.2108069403255,87.239194835443,2809394,0.0322621177378467,0.502273088075222,0.00968927818597178
2021-12-19,202151,36,36,36,36,24.3869801084991,28.6149425641953,32.0904159132007,50.3382984538879,63.2696952423147,79.4215210216998,2809394,0.0295117025237471,0.0718727953430526,0.0198224243377753
2021-12-26,202152,5,5,5,5,25.6057866184449,30.0622952941531,33.6974080771549,41.9664376045811,55.4270012468354,71.2657661464738,2809394,0,0.00710936237494634,0
2022-01-02,202201,359,359,359,359,24.0108499095841,28.0505488915009,31.5840867992767,53.2624369023508,68.5186817793852,84.9579420235082,2809394,0.495460230925246,0.598635150498648,0.485770952739274
2022-01-09,202202,459,459,459,459,23.6094032549729,27.767286886076,31.5678119349005,48.124216562387,65.1281707341772,84.019532119349,2809394,0.549324160299339,0.217833454474524,0.493971653673354
2022-01-16,202203,430,430,430,430,25.702833031947,29.6695556407474,33.3517179023508,45.545802331525,59.9739992037372,76.4819164240506,2809394,0.557867639782814,0.161583601303342,0.111864338003142
2022-01-23,202204,374,374,374,374,24.7757685352622,28.2246455081374,31.8227848101266,57.0831922857143,71.3724854737794,86.016696323689,2809394,0.4813981235811,0.628781509464319,0.0118160713662804
2022-01-30,202205,374,374,374,374,23.4502712477396,26.867688712406,30.3308270676692,60.0423687242315,75.3091404191729,NA,2809394,0.507253877526613,0.651089523221022,0.00968927818597178
2022-02-06,202206,418,418,418,418,22.9629294755877,27.4846439499699,31.0036166365281,44.8459212399035,59.5539420852923,76.6666123212779,2809394,0.512873950752369,0.17080551891262,0.00968927818597178
2022-02-13,202207,444,444,444,444,23.9746835443038,28.9130120307414,32.9005424954792,44.5383489493671,60.3713016329114,78.7962864900543,2809394,0.576515077628841,0.238373471289538,0.00215491312361313
2022-02-20,202208,399,399,399,399,24.1663652802893,29.1294061374322,33.0560578661845,48.7207346311031,65.60107579566,86.6515062278481,2809394,0.539779397265033,0.277893026040491,0.00493416017831604
2022-02-27,202209,631,631,631,631,24.1301989150091,28.2151034231465,31.9638336347197,55.1548547757685,70.3694326437613,87.5204409095841,2809394,0.566110342657527,0.644011840275874,0.432458387823139
2022-03-06,202210,788,788,788,788,23.5443037974683,27.7569456564195,31.6871609403255,53.326349835443,70.0073994683544,88.732090631103,2809394,0.6723624383052,0.825786272769145,0.407318446611618
2022-03-13,202211,974,974,974,974,22.3092224231464,25.9925527522604,28.9547920433996,59.0946299023508,72.4269709122966,87.6326946745027,2809394,0.641457196818958,0.634035311529818,0.468149714849537
2022-03-20,202212,1309,1309,1309,1309,21.7240144665461,25.7892863406594,29.2179487179487,61.3522621355311,74.1111714285714,88.9888137495479,2809394,0.84882860858961,0.52025241030628,0.63839069920417
2022-03-27,202213,1592,1592,1592,1592,19.7626763110308,23.3619618003663,26.5201465201465,65.7356825750916,77.020179478022,89.5819687920434,2809394,0.837294804502323,0.134425787198236,0.552542647987431
2022-04-03,202214,1743,1743,1743,1743,22.7018806509946,27.2754437655678,30.9304029304029,56.7536310641026,70.7275568791209,87.9713333553345,2809394,0.965400011532736,0.479443609547112,0.490922953491038
2022-04-10,202215,2140,2140,2140,2140,20.8128752260398,24.8457945347985,28.2032967032967,57.236263441392,72.0368001172161,87.362445318264,2809394,0.888583801346483,0.365205450000961,0.462735023994498
2022-04-17,202216,2685,2685,2685,2685,19.8370705244123,25.5558876300366,29.5732600732601,45.6639567637362,61.1781236703297,81.7969378887884,2809394,1.40737397460093,0,0.619199015873174
2022-04-24,202217,3292,3292,3292,3292,22.9227486437613,28.1707202197802,31.5787545787546,49.4884545256411,62.8225811172161,83.0973380235081,2809394,1.4813347647215,0.501221259816174,0.741022797087201
2022-05-01,202218,4255,4255,4255,4255,17.1838336347197,21.636875003663,24.8150183150183,56.2154329578754,70.0917312564102,88.7187773318264,2809394,1.58729818601449,0,0.689185995271578
2022-05-08,202219,3373,3373,3373,3373,17.9693309222423,22.4265789981685,25.7142857142857,57.5752712435898,70.6325177509158,86.8355735858951,2809394,1.52780101331462,0,0.0810477277306067
2022-05-15,202220,2271,2271,2271,2271,11.5685714285714,16.183128970696,19.5421245421245,49.9167723003663,65.2826286593407,86.0078867983725,2809394,1.04307512581005,0,0
2022-05-22,202221,2141,2141,2141,2141,18.2781193490054,24.2752492242315,28.5479204339964,40.0107170112116,52.9747956466546,70.46182439783,2809394,1.07890740850162,0,0.0526348386876316
2022-05-29,202222,2050,2050,2050,2050,16.4864376130199,20.0976877197107,23.2368896925859,68.4360285153707,80.0012854611211,91.8257354972875,2809394,1.01312240290967,0,0.0117391864580048
2022-06-05,202223,1686,1686,1686,1686,17.1916817359855,20.2100984882459,22.7649186256781,68.5613030307414,80.370474034358,92.25173239783,2809394,1.0103182394495,0.0105424870986412,0.0197366407132641
2022-06-12,202224,1218,1218,1218,1218,13.8101265822785,19.8908003996383,23.9584086799277,42.3155004177215,57.7281379475588,79.2766619457505,2809394,0.825822935480036,0,0
2022-06-19,202225,1309,1309,1309,1309,18.3652802893309,23.6452927920434,27.4249547920434,48.6923944412296,64.5568498969259,82.9295624665461,2809394,0.945885838725362,0,0.0170933660426412
2022-06-26,202226,1147,1147,1147,1147,16.2857142857143,22.0350705045208,26.5189873417721,47.3129079385172,64.7704128336347,85.6385267522604,2809394,0.889392160729325,0,0.0170833994804574
2022-07-03,202227,949,949,949,949,19.8842676311031,25.8267955660036,29.6889692585895,34.1418193905967,47.073613920434,65.584707880651,2809394,0.921862152478435,0,0
2022-07-10,202228,903,903,903,903,18.2405063291139,23.208203273056,26.9855334538879,47.8303421084991,59.9458476582279,76.8772701573237,2809394,0.836277859210919,0,0.00108884691858814
2022-07-17,202229,794,794,794,794,17.6817359855335,23.8606829070524,27.8987341772152,42.1813654104883,55.3321071374322,77.1539851157324,2809394,0.787352717347585,0,0
2022-07-24,202230,754,754,754,754,19.7631103074141,24.6082792965642,27.9855334538879,35.0713254502713,45.3873125244123,60.541986681736,2809394,0.823467979215446,0,0
2022-07-31,202231,793,793,793,793,19.5901145268234,25.6912551760096,29.8098251959011,33.3562802769741,46.4642281693791,65.4451112311633,2809394,0.777025223233195,0,0.0189998270089564
2022-08-07,202232,552,552,552,552,14.6693791440627,19.4892561080586,22.9432234432234,55.4581898369963,69.1528840091575,86.8883495155214,2809394,0.652738633313804,0,0.00421905934162314
2022-08-14,202233,531,531,531,531,16.7576853526221,21.2826987154913,24.9144062688367,48.0843065479204,59.3940876576251,72.2763267926462,2809394,0.686104547813514,0,0
2022-08-21,202234,519,519,519,519,19.4127486437613,24.8693000298373,28.5230560578662,38.6776212097649,49.6470782771248,66.0554245135624,2809394,0.693151619174811,0,0.0173151220512324
2022-08-28,202235,480,480,480,480,18.5103978300181,23.9685074783002,27.8404159132008,40.8973181523508,52.2359776862568,68.534025619349,2809394,0.652685952913689,0,0.0128326607090355
2022-09-04,202236,409,409,409,409,19.1257233273056,24.8162255018315,28.9263736263736,41.7736154893773,55.4171756750915,73.1993271619349,2809394,0.62417019471103,0,0.00561544589331365
2022-09-11,202237,446,446,446,446,18.2839059674503,23.0701882409584,26.6424050632911,47.4979199927667,61.4744799163653,77.9721973490054,2809394,0.332730119022109,0,0.012630837824812
2022-09-18,202238,419,419,419,419,18.5782097649186,23.5578698969259,27.6613924050633,47.2827985537975,60.7806344837251,78.0629538327306,2809394,0.356868776682801,0,0.015496580401325
2022-09-25,202239,461,461,461,461,18.8836648583484,21.9985554388186,24.7733574442435,65.7161164575045,76.6762587522604,89.7783780976492,2809394,0.657676352978614,0.125408896011026,0.0236919421056641
2022-10-02,202240,536,536,536,536,20.1627486437613,25.4519195732369,29.9412296564195,43.4809378309223,61.3148418300181,82.7518589457505,2809394,0.340056610073204,0,0.0315067947037689
2022-10-09,202241,514,514,514,514,19.5768535262206,22.8743464737794,26.1130198915009,63.9497845189873,76.6989116555154,89.1049470994575,2809394,0.360973220559309,0.00973234797255209,0.062775459761073
2022-10-16,202242,759,759,759,759,21.6591320072333,25.6392092603979,29.1157323688969,55.951319698915,69.7821587640145,86.1667076329114,2809394,0.755457582667294,0.188324955488621,0.519027946952261
2022-10-23,202243,810,810,810,810,23.2441229656419,28.2065451428572,31.7359855334539,40.558336872815,55.357648636528,74.3146526244726,2809394,0.716901224961682,0.0132551717559018,0.157139582415282
2022-10-30,202244,816,816,816,816,17.251356238698,21.7567705,25.7712477396022,45.7475935090416,59.3087814122966,74.536244482821,2809394,0.42062309522979,0.0105424870986412,0.049312769942557
2022-11-06,202245,1020,1020,1020,1020,21.5895117540687,26.9310483833635,30.7377938517179,37.4909104972875,48.7876912793852,63.9774752459313,2809394,0.504347556804065,0,0.0868311813864485
2022-11-13,202246,1223,1223,1223,1223,21.7775768535262,26.8292303815552,30.4412296564195,40.689998380651,53.6127261347197,71.0646494701627,2809394,0.543622574832864,0.00973234797255209,0.124694151122982
2022-11-20,202247,1258,1258,1258,1258,22.504972875226,26.8408390768535,30.3928571428572,49.1944049683544,62.6594066152803,78.9846065470163,2809394,0.542626986460425,0.562654437220269,0.133365060222952
2022-11-27,202248,1134,1134,1134,1134,23.746835443038,28.0194654195298,31.8354430379747,44.2292959168174,59.1538087432188,76.8039641717902,2809394,0.538170865318286,0.11600046130945,0.0254788043257727
2022-12-04,202249,949,949,949,949,24.5614828209765,28.8734368481013,32.627486437613,52.631729766727,67.8650900777577,86.0869376799277,2809394,0.450543426803076,0.512634397311306,0.0100989750814588
2022-12-11,202250,303,303,303,303,23.8027426160338,27.9803708461538,31.4858974358974,53.4712729051282,68.192404467094,84.3269685907173,2809394,0.232549439487662,0.12567799318999,0
2022-12-18,202251,13,13,13,13,21.5822784810127,23.2422201898734,24.7784810126582,78.2706770759494,84.7602022151899,91.7072825822785,2809394,0,0.0282035912371138,0
2022-12-25,202252,245,245,245,245,23.0506329113924,26.2377543628692,28.9873417721519,61.3612695548523,73.6564616793249,88.5220283945148,2809394,0.133819250699617,0.716403608749787,0.039593948018683
2023-01-01,202301,1302,1302,1302,1302,22.1717902350814,26.0107022007233,29.3905967450272,56.6798705877034,70.9461558842676,87.0908906564195,2809394,0.908008986991501,0.199551931840105,0.78263995722921
2023-01-08,202302,1363,1363,1363,1363,22.6383363471971,25.8377463688969,29.0361663652803,60.7791299041591,73.8051078155515,87.6196671084991,2809394,0.971743372414122,0.736948608845893,0.752434510787736
2023-01-15,202303,1506,1506,1506,1506,24.745027124774,27.1666534647378,29.2314647377938,63.7492673779385,72.3465351374322,82.7597312875226,2809394,1.04028911573101,0.693326034013029,0.628981552605295
2023-01-22,202304,1931,1931,1931,1931,25.0705244122966,27.6341815587703,29.4303797468354,61.6963319692586,69.5587268336347,79.7507895009042,2809394,1.1887706031977,0.57315349858368,0.636106932669465
2023-01-29,202305,2227,2227,2227,2227,22.7905364677517,25.199900013261,27.4469559975889,70.2564617106691,81.6234566962025,93.0524158547318,2809394,1.16345660309661,0.612697613791444,0.649801701007406
2023-02-05,202306,2810,2810,2810,2810,24.632911392405,26.7145351139241,28.6690777576854,64.5236827830018,73.4193585533454,83.5507044502712,2833742,1.20055742548192,0.674744207482544,0.561976354939864
2023-02-12,202307,3080,3080,3080,3080,22.2480565625802,24.67950663251,26.5494822077767,71.8983635279136,79.3627776347616,88.0371780094428,2833742,1.23550697275899,0.592354914455868,0.681283617210035
2023-02-19,202308,3328,3328,3328,3328,21.6138666270642,25.3001249720492,28.4459203932291,65.1843021490712,78.1811964761333,91.3301221060822,2833742,1.28616472494673,0.606108813011206,0.332479456492511
2023-02-26,202309,4377,4377,4377,4377,23.5709548612613,25.7195695743309,27.4049846999547,69.7601580307094,77.767890311199,87.4404174930965,2833742,1.47374602204435,0.604170739608616,0.735284298994051
2023-03-05,202310,5248,5248,5248,5248,24.3412848089064,26.6655944621161,28.3419128124325,67.9845523657574,75.2158042126428,84.5785625602246,2833742,1.48412417220763,0.622096859911735,0.774732138635063
2023-03-12,202311,5353,5353,5353,5353,22.8285934223258,24.764594793166,26.6018519118037,76.5843554251635,85.0379821718873,94.4258570664303,2833742,1.50389061530655,0.623363030226464,0.662425866575009
2023-03-19,202312,6711,6711,6711,6711,23.4720109941629,27.1298222864871,30.649862135052,55.48586938338,70.8742968507996,86.7474644005816,2833742,1.53723380604162,0.653051689250468,0.713505675534329
2023-03-26,202313,6875,6875,6875,6875,24.0763484873226,27.7278470945927,30.4477054932063,56.6532396818639,68.9273300257731,83.49269755648,2833742,1.90208882812903,0.679962748902335,0.560890158666526
2023-04-02,202314,6020,6020,6020,6020,22.0533453887884,25.9060184249548,29.4701627486437,56.8971340750452,72.1893975560579,89.3048673471971,2833742,1.87661015011247,0.953658801683428,0.369477884719216
2023-04-09,202315,6545,6545,6545,6545,21.8426763110307,25.9219289656419,29.4448462929476,58.7407476057866,73.7139153200723,91.2023963291139,2833742,1.89189770981268,0.527702592543711,0.506233100966849
2023-04-16,202316,5438,5438,5438,5438,19.6094032549729,23.8369841338155,27.1094032549729,54.3390918991863,70.2213952188065,87.378060517179,2833742,1.82698354331481,0.162000280900661,0.0561723685501362
2023-04-23,202317,4263,4263,4263,4263,20.4264002804509,24.1286613860588,27.2463903640219,61.3961710376313,74.5854469738134,NA,2833742,1.47655996911504,0.428728868047973,0.00757867159395598
2023-04-30,202318,4912,4912,4912,4912,21.2901203454443,23.5264548361283,25.3681878621894,68.9128923325013,77.2886892158662,NA,2833742,1.7862582408702,0.27889977280924,0.0507646779417463
2023-05-07,202319,4416,4416,4416,4416,19.755671382477,22.5418700017765,24.8807717823972,62.7368275771691,72.8071829120798,NA,2833742,1.46992280878076,0.0330259423758408,0.0554080082096394
2023-05-14,202320,3878,3878,3878,3878,18.4810899465605,22.8177780678394,25.9759390535065,45.1338062244917,56.6545557230562,72.0007588706846,2833742,1.42075813535601,0,0.00611982318785549
2023-05-21,202321,2852,2852,2852,2852,20.6076126756506,25.1936909901814,28.488641632629,47.58479059411,58.8082702748916,73.7385069501799,2833742,1.34124560386937,0,0
2023-05-28,202322,2138,2138,2138,2138,18.2770297755641,20.6191914967646,22.1996020289824,74.4731239871546,81.6469108300092,91.5549613591747,2833742,1.20320974880564,0.0183658215885568,0.00241447527686007
2023-06-04,202323,1599,1599,1599,1599,15.4427309222423,21.0528349005425,28.5431305605787,39.3861772151899,66.9634911392405,84.7401963833635,2833742,1.01360603752918,0,0.00241447527686007
2023-06-11,202324,997,997,997,997,11.2367338155515,13.9598940325497,17.8702745027125,71.2337981916817,85.2079141048825,93.980404159132,2833742,0.87792043171185,0,0.00445523975012545
2023-06-18,202325,897,897,897,897,17.9955994323112,21.0887074391582,22.6802683365151,58.8396472153254,65.5737178332734,75.3247969401531,2833742,0.879659827888354,0,0
2023-06-25,202326,944,944,944,944,19.7854823212418,23.1728103077065,25.1617986326847,54.2875930426317,62.8208716423002,74.9671876495828,2833742,0.887267789375321,0.00747668630383429,0.0319736235691181
2023-07-02,202327,771,771,771,771,19.9091018685956,22.9520139385172,24.9423598553345,53.188242001733,60.1748286910036,69.9876022419379,2833742,0.809588875769213,0.119682737525152,0.00387967570795083
2023-07-09,202328,584,584,584,584,15.641017721519,20.2288980108499,26.7801925858951,42.2233236889693,65.7812037974684,82.2131701627486,2833742,0.689907902695447,0,0
2023-07-16,202329,503,503,503,503,16.1906018083183,20.7675180831826,27.0210265822785,46.602129113924,67.8588461121157,83.4090441229656,2833742,0.713109026862714,0,0.00438572036550963
2023-07-23,202330,404,404,404,404,17.5338137432188,22.5136817359855,28.6408884267631,40.7041179023508,61.2195757685353,77.7321065099458,2833742,0.322386794563514,0,0
2023-07-30,202331,451,451,451,451,16.8114754068716,23.3093103074141,31.3497095840868,29.4760582278481,55.0981247739602,75.8862540687161,2833742,0.668285256738263,0,0.0230963157549276
2023-08-06,202332,424,424,424,424,19.409291681736,25.1472414104882,32.3357162748644,34.5240424954792,54.8182936708861,72.2756054249548,2833742,0.685904362500185,0,0.0199026587459268
2023-08-13,202333,337,337,337,337,18.0149206148282,22.6491540687161,28.611782278481,41.7451443037975,63.139473960217,80.2270555153707,2833742,0.269767325324606,0,0
2023-08-20,202334,346,346,346,346,19.5961849909584,24.5121540687161,31.0845074141049,40.8684155515371,64.1015813743219,81.7325421338156,2833742,0.247998582792647,0.0610846012092844,0
2023-08-27,202335,332,332,332,332,18.7991799276673,23.1146904159132,28.8304339963834,48.522878119349,66.9658110307414,81.5740115732369,2833742,0.24698120012337,0,0.0112381437689105
2023-09-03,202336,268,268,268,268,20.622882278481,24.9205696202532,30.3387517179024,47.8420524412297,66.2966433996383,82.1492253164557,2833742,0.530420553458995,0.158124134095482,0.00250199206561501
2023-09-10,202337,352,352,352,352,17.3160240506329,23.1694772151899,30.3251453887884,38.0304613019891,61.8339585895117,80.4614216998192,2833742,0.619681325964043,0,0.0300708391942527
2023-09-17,202338,364,364,364,364,22.6379502712477,28.4697292947559,35.4427103074141,32.7166307414105,54.4814555153707,74.1365761301989,2833742,0.6311001495549,0,0.141495944232044
2023-09-24,202339,331,331,331,331,22.6670099457505,27.9173361663653,34.3802238698011,38.0576660036166,57.7113169981917,74.7405799276673,2833742,0.263619976695126,0,0.0112504949286138
2023-10-01,202340,364,364,364,364,23.4403386980108,28.4408066907776,34.5843157323689,39.5805074141049,60.3886394213381,78.5250262206148,2833742,0.604141096825328,0.0310864574121427,0.0107179835002622
2023-10-08,202341,279,279,279,279,20.3252902350814,25.1630273056058,31.3674014466546,47.3682589511754,68.5273189873418,84.9976658227848,2833742,0.117798303444703,0.0888104845112928,0.00661245801487927
2023-10-15,202342,423,423,423,423,23.1211283905967,28.2533866184448,34.669872875226,40.2183470162749,61.4228473779385,79.5275665461121,2833742,0.678414619256093,0.0535433359847156,0.389387601270687
2023-10-22,202343,394,394,394,394,23.2032502712477,27.5125909584087,32.9900710669078,47.7691553345389,66.9808844484629,82.8066784810127,2833742,0.691011037702091,0.366141660038211,0.00466803258729976
2023-10-29,202344,367,367,367,367,22.0686374321881,25.6193721518987,30.1509585895118,52.7840853526221,71.2153390596745,85.0043414104882,2833742,0.662472448091605,0.746530912129615,0.0118115904694217
2023-11-05,202345,425,425,425,425,20.9593730560579,27.5796954792043,35.2675768535262,30.6174198915009,52.0027325497288,73.2775401446655,2833742,0.400291557947054,0.0126553511222969,0.0484666564563746
2023-11-12,202346,376,376,376,376,26.046373960217,30.8819197106691,36.7027542495479,34.3242005424955,50.7913730560579,66.1451412296564,2833742,0.3446605230822,0,0.00764501496607666
2023-11-19,202347,345,345,345,345,24.3496311030741,27.4680598553345,31.2569191681736,56.0330898734177,72.1661726943942,85.9204298372514,2833742,0.311393203756729,0.824056671355402,0.00376533925812583
2023-11-26,202348,296,296,296,296,23.5286115732369,27.3945508137432,32.2151157323689,53.7720585895118,72.8398238698011,87.2226528028933,2833742,0.244065267762556,0.818910472442445,0.0134984059946177
2023-12-03,202349,284,284,284,284,23.7308209764919,27.3202878842676,31.6128515370705,56.9140688969259,75.5212254972875,90.3416184448463,2833742,0.288104209910429,0.817488677515455,0.0353437257167378
2023-12-10,202350,233,233,233,233,24.3311470162749,28.9674934900542,34.1220287522604,46.276327124774,65.3728137432188,82.4567101265823,2833742,0.218352976382465,0.282976361291889,0
2023-12-17,202351,132,132,132,132,24.9960119349005,29.2641566003617,33.8955886075949,47.4803144665461,65.1842694394213,81.8063526220615,2833742,0.0952034447737303,0.229069195431341,0
2023-12-24,202352,181,181,181,181,24.121526039783,28.9423141048825,34.0987636528029,44.203975045208,64.3668602169982,82.8227441229656,2833742,0.12795872030693,0.0932939554835973,0.00661245801487927
2023-12-31,202401,703,703,703,703,23.4909696202532,27.4368580470163,31.8694887884268,54.2451902350814,73.7421347197107,90.4356497287523,2833742,0.717311950064614,0.903539207168472,0.608717025050269
2024-01-07,202402,903,903,903,903,24.7671987341772,28.8332251356239,33.1687952983725,51.3631851717902,68.3822399638336,84.542646835443,2833742,0.814346542486931,0.869174399080791,0.661811484602339
2024-01-14,202403,1087,1087,1087,1087,24.9740949367089,28.5636142857143,32.9034171790235,52.2018119349005,69.9890339963834,83.9995439421338,2833742,0.803069227897247,0.709773507962263,0.616532838910529
2024-01-21,202404,1310,1310,1310,1310,21.9397752260398,25.4231820976492,29.1899311030741,56.7551410488246,73.6575493670886,88.1272835443038,2833742,0.872783407946101,0.506249333919602,0.617561514068677
2024-01-28,202405,1543,1543,1543,1543,22.3882717902351,27.8531347197107,33.2930464737794,38.6064611211573,58.3146685352622,78.2913423146474,2833742,1.02204364405793,0.014104671490912,0.584674963352345
2024-02-04,202406,1873,1873,1873,1873,23.5549634719711,27.0235949367089,31.3778535262206,55.1944949367089,73.1839831826401,87.2572139240506,2833742,0.990419028972997,0.919338457770679,0.503464323851642
2024-02-11,202407,2271,2271,2271,2271,23.8967667269439,27.7545502712477,32.1034341772152,51.946630198915,70.6063828209765,86.7927940325497,2833742,1.13065303757364,0.968684869688207,0.573629497674806
2024-02-18,202408,3076,3076,3076,3076,23.2218254972875,26.8109564195298,30.9563741410488,55.0680676311031,73.2473540687161,88.0703037974684,2833742,1.67281848523966,0.844516543849087,0.772808886624118
2024-02-25,202409,3340,3340,3340,3340,24.3999654611212,29.0338032549729,34.2960692585895,45.5032182640145,67.8547582278481,86.6244887884268,2833742,1.2956253603892,0.783147865966626,0.35208533451528
2024-03-03,202410,3631,3631,3631,3631,24.382304159132,28.1427924050633,32.6979408679928,52.5824224231465,72.4436907775768,88.1614542495479,2833742,1.3646411705794,0.988004553696137,0.270648845237146
2024-03-10,202411,3951,3951,3951,3951,25.4684607594937,29.8270009041591,34.7038068716094,45.740809403255,64.7912631103074,80.8800506329114,2833742,1.41925341121386,0.516055801833759,0.223692559167348
2024-03-17,202412,3494,3494,3494,3494,25.1831741410488,28.685935443038,33.0404341772152,50.0098285714286,68.0044300180832,82.4785806509946,2833742,1.31495668977627,0.621605283755543,0.0646015057122349
2024-03-24,202413,2649,2649,2649,2649,22.2683553345389,25.5005896925859,29.1867455696203,59.1852009041591,74.213412477396,87.3846235081374,2833742,1.21689412797636,0.385123275160547,0.00464580049983379
2024-03-31,202414,3355,3355,3355,3355,23.2521034358047,27.1135186256781,31.4871848101266,55.2724001808318,74.4437464737794,89.533470886076,2833742,1.34450948604354,0.971009710834649,0.123210934516974
2024-04-07,202415,3499,3499,3499,3499,23.461353164557,26.2512021699819,29.7302824593128,64.0159566003617,79.4666714285714,91.5508305605787,2833742,1.31930888556545,0.966942297499208,0.492180304346691
2024-04-14,202416,3199,3199,3199,3199,20.5640826401447,23.7657336347197,27.7630741410488,62.4765130198915,78.6134142857143,89.370764556962,2833742,1.35766170667619,0.446267514826685,0.414858868591424
2024-04-21,202417,3128,3128,3128,3128,21.7190099457505,26.3849636528029,31.9072236889693,43.2818806509946,65.4721766726944,81.1650909584087,2833742,1.29642959733102,0.146833762565541,0.389306083616645
2024-04-28,202418,2800,2800,2800,2800,23.5322019891501,27.739717721519,32.5565240506329,42.2700580470163,61.6097130198915,76.5035911392405,2833742,1.28772202974018,0.063363213729408,0.0639948873256634
2024-05-05,202419,2701,2701,2701,2701,22.350573960217,27.1400556962025,32.7232616636528,34.7969484629295,54.9354298372514,71.6676938517179,2833742,1.28301694367377,0,0.0324747277627956
2024-05-12,202420,2068,2068,2068,2068,19.2570638336347,23.1783130198915,27.9398649186257,49.3408871609403,65.7569126582278,79.1236173598553,2833742,1.08601171172252,0.00686477456310419,0.0166842994175193
2024-05-19,202421,1403,1403,1403,1403,18.5146775768535,22.1316971066908,26.9658247739602,48.7285493670886,66.4035330922242,80.1782522603978,2833742,1.0064028411902,0,0
2024-05-26,202422,819,819,819,819,12.4757446654611,16.3999386980108,21.5357542495479,52.4640222423146,69.2435408679928,81.8362081374322,2833742,0.813094487783292,0,0
2024-06-02,202423,928,928,928,928,18.0317171790235,22.9721535262206,29.2174050632911,37.2229896925859,57.1834406871609,72.6136023508137,2833742,0.857626770538743,0,0
2024-06-09,202424,920,920,920,920,19.6726330922242,24.5423464737794,30.7365311030741,31.5928564195298,48.412678119349,62.0077676311031,2833742,0.898053174918535,0,0.020110864009497
2024-06-16,202425,832,832,832,832,20.4760352622061,25.0816976491863,30.9768327305606,29.8082893309222,45.3340405063291,57.9533171790235,2833742,0.849524409773367,0,0.0175520566092467
2024-06-23,202426,578,578,578,578,19.1023164556962,23.4182359855335,28.7331461121157,40.5006141048825,59.3351414104882,75.166209403255,2833742,0.788180081320035,0,0.00841184553851409
2024-06-30,202427,469,469,469,469,16.982187522604,21.648094755877,27.7776763110307,33.6515264014467,52.156044846293,67.8311500904159,2833742,0.643741737956384,0,0.0039290803467641
2024-07-07,202428,249,249,249,249,13.2819580470163,16.2939356238698,20.5108169981917,60.9138768535262,76.3419211573237,87.8662683544304,2833742,0.125612352853577,0,0
2024-07-14,202429,345,345,345,345,14.2943732368897,19.5122209764919,26.2235952983725,41.6516018083183,62.5885685352622,78.9066777576854,2833742,0.269592997527651,0,0
2024-07-21,202430,316,316,316,316,17.0712707052441,23.0934289330922,30.4118001808318,25.8648972875226,43.6310106690778,58.5698690777577,2833742,0.182160549548971,0,0
2024-07-28,202431,314,314,314,314,19.6541726943942,24.5210576853526,30.6813034358047,30.7687491862568,46.7387660036166,59.9950837251356,2833742,0.551361062510278,0,0.0174712447357593
2024-08-04,202432,286,286,286,286,17.6871605786618,22.0983367088608,27.5304518987342,33.0731278481013,48.9235262206148,62.3575636528029,2833742,0.230449349305618,0,0
2024-08-11,202433,326,326,326,326,13.7831003616637,20.4136925858951,28.7738294755877,23.8499462929476,42.3678007233273,58.2971019891501,2833742,0.190772130984402,0,0.0258029841813404
2024-08-18,202434,346,346,346,346,20.5761839059674,26.4251329113924,33.2207086799277,24.5483891500904,38.3339688969259,50.5084139240506,2833742,0.229314807064299,0,0.0252150689794625
2024-08-25,202435,286,286,286,286,15.4766915009042,21.2395084990958,28.4444980108499,26.9582415913201,43.0827095840868,56.7703224231465,2833742,0.238982941989779,0,0.0113990617353309
2024-09-01,202436,338,338,338,338,19.1116350813743,26.4718609403255,34.4376027124774,22.5390242314647,42.420350994575,61.6046688969259,2833742,0.273864381443335,0,0.0468112481658528
2024-09-08,202437,326,326,326,326,22.913098915009,29.4663028933092,36.7300159132007,17.5206090415913,31.0462014466546,44.266294755877,2833742,0.517171288000107,0,0.336351721504639
2024-09-15,202438,331,331,331,331,20.773822965642,25.6885772151899,31.888675045208,39.7273368896926,59.8589741410488,77.5426871609403,2833742,0.274218330391405,0.156293339337173,0.02901852038753
2024-09-22,202439,264,264,264,264,22.8954688969259,28.6866840867993,35.1732504520796,28.1266439421338,47.1836515370705,64.3984092224232,2833742,0.230121161347787,0.00661245801487927,0.00602454281300133
2024-09-29,202440,312,312,312,326,23.924468716094,29.6484634719711,35.8223887884268,30.0964857142857,44.6214414104882,58.4663414104882,2833742,0.27242917668581,0,0.0334801121626457
2024-10-06,202441,239,241,239,266,22.9169175406872,28.339713562387,34.3728363471971,35.5881515370705,52.1672032549729,67.8267088607595,2833742,0.223136404090422,0,0.0639535991632266
2024-10-13,202442,265,270,265,304,23.0341820976492,27.765227124774,32.9386235081374,42.5450175406872,60.2313887884268,76.8886802893309,2833742,0.32364943597547,0.0147645763093464,0
2024-10-20,202443,288,295,288,345,23.0906475587703,27.0198256781193,31.7457690777577,49.8872898734177,67.8518106690778,84.2374980108499,2833742,0.24823572505895,0.682360991226442,0.0179508226225253
2024-10-27,202444,238,251,239,324,22.9819598553345,27.0251283905967,31.6129450271248,48.7693867992767,65.1288985533454,80.9690567811935,2833742,0.169857382923357,0.496729412910561,0.00888754163223046
2024-11-03,202445,204,224,206,328,22.1638240506329,25.296517721519,29.2216347197107,62.2079623869801,80.3063495479204,93.435129113924,2833742,0.23364406498545,0.421265591574674,0.00888754163223046
2024-11-10,202446,224,254,227,428,20.7239802893309,25.7353481012658,31.0311748643761,45.7131665461121,63.2904103074141,80.4296730560579,2833742,0.1763339781815,0.0877867498170264,0.0568880300323742
2024-11-17,202447,272,323,275,620,23.6617715189873,27.2939293248945,31.4073221518987,54.816305907173,72.8902147679325,88.582176793249,2833742,0.283602035753431,0.676806851152998,0.0435830079096827
2024-11-24,202448,211,311,217,876,NA,NA,NA,NA,NA,NA,2833742,0.390285001245703,0.658135779474631,0.103922657743718
2024-12-01,202449,45,262,65,1396,NA,NA,NA,NA,NA,NA,2833742,0.304533369657506,0.640476797111381,0.00740893137060466
